cnuc,nome,anoCriacao,sigla,areaHa,perimetroM,atoLegal,administra,SiglaGrupo,UF,municipios,biomaIBGE,biomaCRL,CoordRegio
215,RESERVA BIOLÓGICA DE POÇO DAS ANTAS,1974,Rebio,50525335,384743442,"DEC  73.791 de 11/03/1974, DEC  76.534 de 13/11/1975",Federal,PI,RJ,Silva Jardim Casimiro de Abreu.,MATA ATLÂNTICA,MATA ATLÂNTICA,CR8 Rio de Janeiro/RJ
73,ESTAÇÃO ECOLÓGICA MICO-LEÃO-PRETO,2002,Esec,66806741,911700876,"DEC S/N de 16/07/2002, DEC S/N de 14/05/2004",Federal,PI,SP,Marabá Paulista Presidente Epitácio Teodoro Sampaio Euclides da Cunha Paulista.,MATA ATLÂNTICA,MATA ATLÂNTICA,CR8 Rio de Janeiro/RJ
172,PARQUE NACIONAL DO IGUAÇU,1939,Parna,1696970552,4084872959,"DEC  1.035 de 10/01/1939, DEC 86.676 de 01/12/1981",Federal,PI,PR,Céu Azul Matelândia Serranópolis do Iguaçu São Miguel do Iguaçu Foz do Iguaçu Capanema Capitão Leonidas Marques Lindoeste Santa tereza do Oeste Santa Terezinha do Itaipu.,MATA ATLÂNTICA,MATA ATLÂNTICA,CR9 Florianópolis/SC
214,RESERVA BIOLÓGICA MARINHA DO ARVOREDO,1990,Rebio,171045997,550480728,DEC  99.142 de 12/03/1990,Federal,PI,SC,Florianópolis Governador Celso Ramos.,MARINHO COSTEIRO,MARINHO COSTEIRO,CR9 Florianópolis/SC
52,ESTAÇÃO ECOLÓGICA DE CARIJÓS,1987,Esec,7593371,331576553,DEC 94.656 de 20/07/1987,Federal,PI,SC,Florianópolis.,MATA ATLÂNTICA,MATA ATLÂNTICA,CR9 Florianópolis/SC
50,ESTAÇÃO ECOLÓGICA DE ARACURI-ESMERALDA,1981,Esec,2769792,70281074,DEC  86.061 de 2/6/1981.,Federal,PI,RS,Muitos Capões.,MATA ATLÂNTICA,MATA ATLÂNTICA,CR9 Florianópolis/SC
140,PARQUE NACIONAL DA LAGOA DO PEIXE,1986,Parna,367219306,1404748096,DEC 93.546 de 06/11/1986,Federal,PI,RS,Mostardas Tavares.,PAMPA,PAMPA,CR9 Florianópolis/SC
67,ESTAÇÃO ECOLÓGICA DO JARI,1982,Esec,2310820937,4333967338,"DEC  87.092 de 12/04/1982, DEC 89.440 de 13/03/1984",Federal,PI,PA/AP,Laranjal do Jari Almeirim.,AMAZÔNIA,AMAZÔNIA,CR4 Belém/PA
213,RESERVA BIOLÓGICA DE UATUMÃ,1990,Rebio,9387316217,5325577648,"DEC  99.277 de 06/06/1990, DEC S/N de 19/09/2002",Federal,PI,AM,Urucará São Sebastião do Uatumã Presidente Figueiredo.,AMAZÔNIA,AMAZÔNIA,CR2 Manaus/AM
179,PARQUE NACIONAL DO VIRUÁ,1998,Parna,2149505192,2389815819,DEC S/N de 29/04/1998,Federal,PI,RR,Caracaraí.,AMAZÔNIA,AMAZÔNIA,CR2 Manaus/AM
57,ESTAÇÃO ECOLÓGICA DE MARACÁ,1981,Esec,1035198671,217330675,DEC  86.061 de 02/06/1981,Federal,PI,RR,Amajari Alto Alegre.,AMAZÔNIA,AMAZÔNIA,CR2 Manaus/AM
177,PARQUE NACIONAL DO PICO DA NEBLINA,1979,Parna,2253000,973850944,DEC 83.550 de 05/06/1979,Federal,PI,AM,Santa Isabel do Rio Negro São Gabriel da Cachoeira.,AMAZÔNIA,AMAZÔNIA,CR2 Manaus/AM
273,RESERVA EXTRATIVISTA ARIÓCA PRUANÃ,2005,Resex,838167161,1541511555,DEC S/N de  16/11/2005,Federal,US,PA,Oeiras do Pará Bagre.,AMAZÔNIA,AMAZÔNIA,CR4 Belém/PA
282,RESERVA EXTRATIVISTA TERRA GRANDE - PRACUÚBA,2006,Resex,1948703774,2728143405,DEC S/N de 05/06/2006,Federal,US,PA,São Sebastião da Boa Vista Curralinho Anajás Breves Muaná.,AMAZÔNIA,AMAZÔNIA,CR4 Belém/PA
66,ESTAÇÃO ECOLÓGICA DO CASTANHÃO,2001,Esec,125746361,3507149751,DEC S/N de 27/09/2001,Federal,PI,CE,Jaguaribara Alto Santo Iracema.,CAATINGA,CAATINGA,CR6 Cabedelo/PB
168,PARQUE NACIONAL DO ARAGUAIA,1959,Parna,5555244384,5360869417,"DEC 47.570 de 31/12/1959, DEC 84.844 de 24/06/1980",Federal,PI,TO,Pium Lagoa da Confusão.,CERRADO,CERRADO,CR10 Cuiabá/MT
160,PARQUE NACIONAL DE CAPARAÓ,1961,Parna,317632914,1390674002,"DEC 50.646 de 24/05/1961, DEC S/N de 20/11/1991, DEC S/N de 20/11/1997",Federal,PI,ES/MG,Irupi Iúna Alto Jequitibá Alto Caparaó Caparaó Espera Feliz Ibitirama Divino de São Lourenço Dores do Rio Preto.,MATA ATLÂNTICA,MATA ATLÂNTICA,CR11 Lagoa Santa/MG
141,PARQUE NACIONAL DA RESTINGA DE JURUBATIBA,1998,Parna,14867443,1257123306,DEC S/N de 29/04/1998,Federal,PI,RJ,Quissamã Carapebus Macaé.,MATA ATLÂNTICA,MATA ATLÂNTICA,CR8 Rio de Janeiro/RJ
178,PARQUE NACIONAL DO SUPERAGUI,1989,Parna,338606378,1589152359,"DEC 97.688 de 25/04/1989, DEC 9.513 de 20/11/1997",Federal,PI,SP/PR,Guaraqueçaba.,MATA ATLÂNTICA,MATA ATLÂNTICA,CR9 Florianópolis/SC
173,PARQUE NACIONAL DO JAÚ,1980,Parna,2367000,11587908905,DEC 85.200 de 24/09/1980,Federal,PI,AM/RR,Novo Airão Barcelos.,AMAZÔNIA,AMAZÔNIA,CR2 Manaus/AM
174,PARQUE NACIONAL DO MONTE RORAIMA,1989,Parna,1167492402,3143867552,DEC 97.887 de 28/06/1989,Federal,PI,RR,Uiramutã.,AMAZÔNIA,AMAZÔNIA,CR2 Manaus/AM
209,RESERVA BIOLÓGICA DO LAGO PIRATUBA,1980,Rebio,3924748488,3083257207,"DEC  84.914 de 16/07/1980, DEC  89.932 de 10/07/1984",Federal,PI,AP,Amapá Tartarugalzinho Pracuúba.,AMAZÔNIA,AMAZÔNIA,CR4 Belém/PA
180,PARQUE NACIONAL DOS LENÇOIS MARANHENSES,1981,Parna,1566081572,2175696514,DEC 86.060 de 02/06/1981,Federal,PI,MA,Primeira Cruz Santo Amaro do Maranhão Barreirinhas Humberto de Campos.,CERRADO,CERRADO,CR5 Parnaíba/PI
203,RESERVA BIOLÓGICA DO ATOL DAS ROCAS,1979,Rebio,351870142,927641174,DEC  83.549 de 05/06/1979,Federal,PI,PE,Natal.,MARINHO COSTEIRO,MARINHO COSTEIRO,CR6 Cabedelo/PB
166,PARQUE NACIONAL DE SETE CIDADES,1961,Parna,63037368,326981976,DEC 50.744 de 05/06/1961,Federal,PI,PI,Piracuruca Brasileira.,CAATINGA,CAATINGA,CR5 Parnaíba/PI
211,RESERVA BIOLÓGICA DO TAPIRAPÉ,1989,Rebio,992730353,2861417442,DEC  97.719 de 05/05/1989,Federal,PI,PA,Marabá São Félix do Xingu.,AMAZÔNIA,AMAZÔNIA,CR4 Belém/PA
69,ESTAÇÃO ECOLÓGICA DO SERIDÓ,1982,Esec,11236123,221421092,DEC  87.222 de 31/05/1982,Federal,PI,RN,Serra Negra do Norte.,CAATINGA,CAATINGA,CR6 Cabedelo/PB
170,PARQUE NACIONAL DO CATIMBAU,2002,Parna,622950997,1460202713,DEC S/N de 13/12/2002,Federal,PI,PE,Ibimirim Tupanatinga Buíque.,CAATINGA,CAATINGA,CR6 Cabedelo/PB
200,RESERVA BIOLÓGICA DE SERRA NEGRA,1982,Rebio,6248583,12588692,DEC  87.591 de 20/08/1982,Federal,PI,PE,Floresta Tacaratu Inajá.,CAATINGA,CAATINGA,CR6 Cabedelo/PB
198,RESERVA BIOLÓGICA DE SALTINHO,1983,Rebio,5625769,106797221,DEC  88.744 de 21/09/1983,Federal,PI,PE,Tamandaré Rio Formoso.,MATA ATLÂNTICA,MATA ATLÂNTICA,CR6 Cabedelo/PB
59,ESTAÇÃO ECOLÓGICA DE MURICI,2001,Esec,61316293,635087749,DEC S/N de 28/05/2001,Federal,PI,AL,Murici Flexeiras Messias.,MATA ATLÂNTICA,MATA ATLÂNTICA,CR6 Cabedelo/PB
194,RESERVA BIOLÓGICA DO ABUFARI,1982,Rebio,2238667351,2897067877,DEC  87.585 de 20/09/1982,Federal,PI,AM,Tapauá.,AMAZÔNIA,AMAZÔNIA,CR2 Manaus/AM
74,ESTAÇÃO ECOLÓGICA RASO DA CATARINA,1984,Esec,1048444023,1356843243,"DECRETO Nº 89.268 DE 03/01/1984, Portaria 373 de de 11/10/2001",Federal,PI,BA,Rodelas Paulo Afonso Jeremoabo.,CAATINGA,CAATINGA,CR6 Cabedelo/PB
163,PARQUE NACIONAL DE PACAÁS NOVOS,1979,Parna,7086699042,6089779599,DEC 84.019 de 21/09/1979,Federal,PI,RO,Nova Mamoré Campo Novo de Rondônia Governador Jorge Teixeira Alvorada D'Oeste São Miguel do Guaporé Guajará-Mirim Mirante da Serra.,AMAZÔNIA,AMAZÔNIA,CR1 Porto Velho/RO
68,ESTAÇÃO ECOLÓGICA RIO ACRE,1981,Esec,790941845,1403772755,DEC 86.061 de 02/06/1981,Federal,PI,AC,Sena Madureira Assis Brasil.,AMAZÔNIA,AMAZÔNIA,CR1 Porto Velho/RO
206,RESERVA BIOLÓGICA DO GUAPORÉ,1982,Rebio,6157763294,5186253824,DEC  87.587 de 20/09/1982,Federal,PI,RO,Alta Floresta d'Oeste São Francisco do Guaporé São Miguel do Guaporé Seringueiras.,AMAZÔNIA,AMAZÔNIA,CR1 Porto Velho/RO
219,REFÚGIO DE VIDA SILVESTRE DAS VEREDAS DO OESTE BAIANO,2002,Revis,1280505526,3309550588,"DEC S/N de 13/12/2002, DEC S/N de 11/06/2010",Federal,PI,BA,Jaborandi Cocos.,CERRADO,CERRADO,CR11 Lagoa Santa/MG
135,PARQUE NACIONAL CAVERNAS DO PERUAÇU,1999,Parna,56449004,2276699674,DEC S/N de 21/09/1999,Federal,PI,MG,São João das Missões Itacarambi Januária.,CERRADO,CAATINGA e CERRADO,CR11 Lagoa Santa/MG
185,PARQUE NACIONAL MARINHO DOS ABROLHOS,1983,Parna,879431394,168777703,DEC 88.218 de 06/04/1983,Federal,PI,BA,Caravelas.,MARINHO COSTEIRO,MARINHO COSTEIRO,CR7 Porto Seguro/BA
132,FLORESTA NACIONAL DA RESTINGA DE CABEDELO,2004,Flona,1146183,4631224,DEC S/N de 02/06/2004,Federal,US,PB,Cabedelo João Pessoa.,MATA ATLÂNTICA,MATA ATLÂNTICA,CR6 Cabedelo/PB
286,RESERVA EXTRATIVISTA DE RECANTO DAS ARARAS DE TERRA RONCA,2006,Resex,123493298,588328167,DEC S/N de 11/09/2006,Federal,US,GO,São Domingos Guarani de Goiás Correntina.,CERRADO,CERRADO,CR11 Lagoa Santa/MG
157,PARQUE NACIONAL DAS SEMPRE-VIVAS,2002,Parna,1241558993,168692604,DEC S/N de 13/12/2002,Federal,PI,MG,Buenópolis Bocaiúva Olhos-d'Água Diamantina.,CERRADO,CERRADO,CR11 Lagoa Santa/MG
242,RESERVA EXTRATIVISTA DO LAGO DO CAPANÃ GRANDE,2004,Resex,304313441,3917387514,DEC S/N de  03/06/2004,Federal,US,AM,Manicoré Tapauá Beruri.,AMAZÔNIA,AMAZÔNIA,CR2 Manaus/AM
188,PARQUE NACIONAL SERRA DA CUTIA,2001,Parna,2835034952,3440526101,DEC S/N de 01/08/2001,Federal,PI,RO,Guajará-Mirim.,AMAZÔNIA,AMAZÔNIA,CR1 Porto Velho/RO
277,PARQUE NACIONAL DOS CAMPOS GERAIS,2006,Parna,21299076,1594175237,DEC S/N de 23/03/2006,Federal,PI,PR,Castro Carambeí Ponta Grossa.,MATA ATLÂNTICA,MATA ATLÂNTICA,CR9 Florianópolis/SC
204,RESERVA BIOLÓGICA DO CÓRREGO DO VEADO,1982,Rebio,2375763,24338981,"DEC  87.590 de 20/09/1982, DEC 89.569 de 23/04/1984",Federal,PI,ES,Pinheiros.,MATA ATLÂNTICA,MATA ATLÂNTICA,CR7 Porto Seguro/BA
61,ESTAÇÃO ECOLÓGICA DE PIRAPITINGA,1987,Esec,13845018,271493697,DEC 94.656 de 20/07/1987,Federal,PI,MG,Morada Nova de Minas.,CERRADO,CERRADO,CR11 Lagoa Santa/MG
201,RESERVA BIOLÓGICA DE SOORETAMA,1982,Rebio,278590127,102174221,DEC  87.588 de 20/09/1982,Federal,PI,ES,Sooretama Linhares Jaguaré.,MATA ATLÂNTICA,MATA ATLÂNTICA,CR7 Porto Seguro/BA
181,MONUMENTO NATURAL DOS PONTÕES CAPIXABAS,2002,Mona,174436335,1081410932,"DEC S/N de 19/12/2002, Lei ordinária nº 11.686 de 02/06/2008",Federal,PI,ES,Pancas Águia Branca.,MATA ATLÂNTICA,MATA ATLÂNTICA,CR7 Porto Seguro/BA
148,PARQUE NACIONAL DA SERRA DO CIPÓ,1984,Parna,316395347,1125611056,"DEC 90.223 de 25/09/1984, DEC 94.984 de 30/09/1987",Federal,PI,MG,Morro do Pilar Santana do Riacho Jaboticatubas Itambé do Mato Dentro.,CERRADO,CERRADO,CR11 Lagoa Santa/MG
195,RESERVA BIOLÓGICA DE COMBOIOS,1984,Rebio,7846417,283594257,DEC  90.222 de 25/09/1984,Federal,PI,ES,Aracruz Linhares.,MARINHO COSTEIRO,MARINHO COSTEIRO,CR7 Porto Seguro/BA
191,RESERVA BIOLÓGICA AUGUSTO RUSCHI,1982,Rebio,35623225,461853896,"DEC 87.589 de 20/09/1982, DEC 92.753 de 05/06/1986",Federal,PI,ES,Santa Teresa.,MATA ATLÂNTICA,MATA ATLÂNTICA,CR7 Porto Seguro/BA
47,ESTAÇÃO ECOLÓGICA DA TERRA DO MEIO,2005,Esec,3373000,14192042874,DEC S/N de 17/02/2005,Federal,PI,PA,Altamira São Félix do Xingu.,AMAZÔNIA,AMAZÔNIA,CR3 Santarém/PA
101,FLORESTA NACIONAL DE PACOTUBA,2002,Flona,4494468,162193587,DEC S/N de 13/12/2002,Federal,US,ES,Cachoeiro de Itapemirim.,MATA ATLÂNTICA,MATA ATLÂNTICA,CR7 Porto Seguro/BA
128,FLORESTA NACIONAL DA MATA GRANDE,2003,Flona,20100711,220854977,DEC S/N de 13/10/2003,Federal,US,GO,São Domingos.,CERRADO,CERRADO,CR11 Lagoa Santa/MG
149,PARQUE NACIONAL DA SERRA DO DIVISOR,1989,Parna,8375596312,8307927043,DEC 97.839 de 16/06/1989,Federal,PI,AC,Mâncio Lima Rodrigues Alves Cruzeiro do Sul Porto Walter Marechal Thaumaturgo.,AMAZÔNIA,AMAZÔNIA,CR1 Porto Velho/RO
72,ESTAÇÃO ECOLÓGICA JUAMI-JAPURÁ,2001,Esec,8315316108,5748087115,DEC 91.307 de 03/06/1985,Federal,PI,AM,Japurá.,AMAZÔNIA,AMAZÔNIA,CR2 Manaus/AM
38,ÁREA DE RELEVANTE INTERESSE ECOLÓGICO JAVARÍ-BURITI,1985,Arie,131771193,730944549,DEC  91.886 de 05/11/1985,Federal,US,AM,Santo Antônio do Içá.,AMAZÔNIA,AMAZÔNIA,CR2 Manaus/AM
56,ESTAÇÃO ECOLÓGICA DE JUTAÍ-SOLIMÕES,1983,Esec,2895141717,3531657624,"DEC  88.541 de 21/7/1983, Portaria 375 de 11/10/2001",Federal,PI,AM,Santo Antônio do Içá Tonantins Jutaí Amaturá.,AMAZÔNIA,AMAZÔNIA,CR2 Manaus/AM
19,ÁREA DE PROTEÇÃO AMBIENTAL DELTA DO PARNAÍBA,1996,APA,3075953624,4746454432,DEC S/N de 28/08/1996,Federal,US,MA/PI/CE,Paulino Neves Tutóia Água Doce do Maranhão Araioses Ilha Grande Parnaíba Luís Correia Cajueiro da Praia Barroquinha Chaval.,CERRADO,CERRADO CAATINGA e MARINHO COSTEIRO,CR5 Parnaíba/PI
22,ÁREA DE PROTEÇÃO AMBIENTAL DO IGARAPÉ GELADO,1989,APA,232850866,1492511274,DEC  97.718 de 05/05/1989,Federal,US,PA,Parauapebas Marabá.,AMAZÔNIA,AMAZÔNIA,CR4 Belém/PA
7,ÁREA DE PROTEÇÃO AMBIENTAL DA BARRA DO RIO MAMANGUAPE,1993,APA,149177913,817479429,"DEC  924 de 10/09/1993, DEC S,N 7/04/1998",Federal,US,PB,Rio Tinto Lucena Marcação Baía da Traição.,MATA ATLÂNTICA,MARINHO COSTEIRO e MATA ATLÂNTICA,CR6 Cabedelo/PB
8,ÁREA DE PROTEÇÃO AMBIENTAL DA CHAPADA DO ARARIPE,1997,APA,972605182,22179575803,DEC S/N de 04/08/1997,Federal,US,PI/CE/PE,Barbalha Brejo Santo Campos Sales Crato Jardim Jati Missão Velha Nova Olinda Penaforte Abaiara.,CAATINGA,CAATINGA,CR6 Cabedelo/PB
9,ÁREA DE PROTEÇÃO AMBIENTAL DA COSTA DOS CORAIS,1997,APA,4042862745,4018989583,DEC S/N de 23/10/1997,Federal,US,PE/AL,Maceió Paripueira Barra de Santo Antônio Passo de Camaragibe São Miguel dos Milagres Porto de Pedras Barreiros Japarapatinga Maragogi Porto Calvo Rio Formoso São José da Coroa Grande São Luis do Quitinde Tamandaré.,MARINHO COSTEIRO,MARINHO COSTEIRO,CR6 Cabedelo/PB
18,ÁREA DE PROTEÇÃO AMBIENTAL DE PIAÇABUÇU,1983,APA,91070097,503126534,DEC  88.421 de 21/06/1983,Federal,US,AL,Piaçabuçu Feliz Deserto.,MATA ATLÂNTICA,MATA ATLÂNTICA,CR6 Cabedelo/PB
24,ÁREA DE PROTEÇÃO AMBIENTAL DOS MEANDROS DO RIO ARAGUAIA,1998,APA,3591940922,5826852556,DEC S/N de 02/10/1998,Federal,US,MT/GO,São Miguel do Araguaia Cocalinho Nova Crixás Novo Santo Antônio Sandolândia Formoso do Araguaia.,CERRADO,CERRADO,CR10 Cuiabá/MT
28,ÁREA DE PROTEÇÃO AMBIENTAL DAS NASCENTES DO RIO VERMELHO,2001,APA,1763243263,2576499966,DEC S/N de 27/09/2001,Federal,US,BA/GO,Posse Mambaí Damianópolis Sítio d'Abadia Jaborandi Burtinópolis.,CERRADO,CERRADO,CR11 Lagoa Santa/MG
2,ÁREA DE PROTEÇÃO AMBIENTAL CAVERNAS DO PERUAÇU,1989,APA,1433555857,2256388147,DEC  98.182 de 26/09/1989,Federal,US,MG,Bonito de Minas Cônego Marinho Januária Itacarambi Miravânia São João das Missões.,CERRADO,CAATINGA e CERRADO,CR11 Lagoa Santa/MG
4,ÁREA DE PROTEÇÃO AMBIENTAL DA BACIA DO RIO SÃO BARTOLOMEU,1983,APA,826808036,1767007091,DEC  88.940 de 07/11/1983,Federal,US,DF,Brasília.,CERRADO,CERRADO,CR11 Lagoa Santa/MG
27,ÁREA DE PROTEÇÃO AMBIENTAL MORRO DA PEDREIRA,1990,APA,1317708392,2162446453,DEC  98.891 de 26/01/1990,Federal,US,MG,Morro do Pilar Santana do Riacho Jaboticatubas Itambé do Mato DentroTaquaraçu de Minas  Nova União Conceição do Mato Dentro Itabira.,CERRADO,CERRADO,CR11 Lagoa Santa/MG
25,ÁREA DE PROTEÇÃO AMBIENTAL DAS ILHAS E VÁRZEAS DO RIO PARANÁ,1997,APA,1005000,8602707672,DEC S/N de 30/09/1997,Federal,US,SP/PR/MS,Jateí Mundo Novo EldoradoTaquarussu Itaquari Guaíra Diamante do Norte  Nova Andradina Batayporã Rosana Terra Roxa Altônia Marilena Porto Rico Querência do Norte Ivaté Santa Cruz de Monte Castelo.,MATA ATLÂNTICA,MATA ATLÂNTICA,CR9 Florianópolis/SC
10,ÁREA DE PROTEÇÃO AMBIENTAL DA REGIÃO SERRANA DE PETRÓPOLIS,1982,APA,682242948,3318887566,"DEC  87.561 de 13/09/1982, DEC  527 de 20/05/1992",Federal,US,RJ,Petrópolis Teresópolis Guapimirim Magé Duque de Caxias Miguel Pereira Cachoeiras de Macacu.,MATA ATLÂNTICA,MATA ATLÂNTICA,CR8 Rio de Janeiro/RJ
5,ÁREA DE PROTEÇÃO AMBIENTAL DA BACIA DO RIO SÃO JOÃO/MICO-LEÃO-DOURADO,2002,APA,1503746068,3698877807,DEC S/N de 27/06/2002,Federal,US,RJ,Silva Jardim Cachoeiras de Macacu Rio Bonito Araruama Casimiro de Abreu Rio das Ostras Cabo Frio Macaé Nova Friburgo.,MATA ATLÂNTICA,MATA ATLÂNTICA,CR8 Rio de Janeiro/RJ
16,ÁREA DE PROTEÇÃO AMBIENTAL DE GUAPI-MIRIM,1984,APA,139267635,725057451,DEC  90.225 de 25/09/1984,Federal,US,RJ,Magé Guapimirim Itaboraí São Gonçalo.,MATA ATLÂNTICA,MATA ATLÂNTICA,CR8 Rio de Janeiro/RJ
13,ÁREA DE PROTEÇÃO AMBIENTAL DE CAIRUÇU,1983,APA,326107779,2825698925,DEC  89.242 de 27/12/1983,Federal,US,RJ/SP,Parati Ubatuba.,MATA ATLÂNTICA,MATA ATLÂNTICA e MARINHO COSTEIRO,CR8 Rio de Janeiro/RJ
14,ÁREA DE PROTEÇÃO AMBIENTAL DE CANANÉIA-IGUAPE-PERUÍBE,1984,APA,2023095807,6428269385,"DEC  90.347 de 23/10/1984, DEC  91.892 de 6/11/1985",Federal,US,SP,Miracatu Pedro de Toledo Peruíbe Iguape Ilha Comprida Jacupiranga CananéiaPariquera-AçúItariri.,MATA ATLÂNTICA,MATA ATLÂNTICA e MARINHO COSTEIRO,CR8 Rio de Janeiro/RJ
17,ÁREA DE PROTEÇÃO AMBIENTAL DE GUARAQUEÇABA,1985,APA,2824463647,2607718105,DEC  90.883 de 31/01/1985,Federal,US,SP/PR,Guaraqueçaba Paranaguá Antonina Campina Grande do Sul Barra do Turvo Cananéia.,MATA ATLÂNTICA,MATA ATLÂNTICA,CR9 Florianópolis/SC
1,ÁREA DE PROTEÇÃO AMBIENTAL ANHATOMIRIM,1992,APA,44365902,365634552,DEC  528 de 20/05/1992,Federal,US,SC,Governador Celso Ramos.,MATA ATLÂNTICA,MATA ATLÂNTICA e MARINHO COSTEIRO,CR9 Florianópolis/SC
6,ÁREA DE PROTEÇÃO AMBIENTAL DA BALEIA FRANCA,2000,APA,1548674035,4058315482,DEC S/N de 14/09/2000,Federal,US,SC,Florianópolis Palhoça Garopaba Paulo Lopes Imbituba Laguna Jaguaruna Içara Tubarão.,MATA ATLÂNTICA,MATA ATLÂNTICA e MARINHO COSTEIRO,CR9 Florianópolis/SC
21,ÁREA DE PROTEÇÃO AMBIENTAL DO IBIRAPUITÃ,1992,APA,3167920155,2747604063,DEC  529 de 20/05/1992,Federal,US,RS,Alegrete Rosário do Sul Santana do Livramento Quaraí.,PAMPA,PAMPA,CR9 Florianópolis/SC
43,ÁREA DE RELEVANTE INTERESSE ECOLÓGICO PROJETO DINÂMICA BIOLÓGICA DE FRAGMENTOS FLORESTAIS,1985,Arie,31800539,694385085,DEC  91.884 de 05/11/1985,Federal,US,AM,Rio Preto da Eva Manaus.,AMAZÔNIA,AMAZÔNIA,CR2 Manaus/AM
39,ÁREA DE RELEVANTE INTERESSE ECOLÓGICO MANGUEZAIS DA FOZ DO RIO MAMANGUAPE,1985,Arie,57695403,428756979,DEC  91.890 de 05/11/1985,Federal,US,PB,Rio Tinto Marcação.,MATA ATLÂNTICA,MATA ATLÂNTICA e MARINHO COSTEIRO,CR6 Cabedelo/PB
44,ÁREA DE RELEVANTE INTERESSE ECOLÓGICO SERINGAL NOVA ESPERANÇA,1999,Arie,25739821,223234062,DEC S/N de 20/08/1999,Federal,US,AC,Epitaciolândia Xapuri.,AMAZÔNIA,AMAZÔNIA,CR1 Porto Velho/RO
31,ÁREA DE RELEVANTE INTERESSE ECOLÓGICO CAPETINGA – TAQUARA,1985,Arie,2057226,29434509,DEC  91.303 de 03/06/1985,Federal,US,DF,Brasília.,CERRADO,CERRADO,CR11 Lagoa Santa/MG
35,ÁREA DE RELEVANTE INTERESSE ECOLÓGICO FLORESTA DA CICUTA,1985,Arie,1251411,52189719,DEC  90.792 de 09/01/1985,Federal,US,RJ,Barra Mansa Volta Redonda.,MATA ATLÂNTICA,MATA ATLÂNTICA,CR8 Rio de Janeiro/RJ
36,ÁREA DE RELEVANTE INTERESSE ECOLÓGICO ILHA DO AMEIXAL,1984,Arie,358888,92204958,DEC  91.889 de 05/11/1985,Federal,US,SP,Peruíbe.,MATA ATLÂNTICA,MATA ATLÂNTICA,CR8 Rio de Janeiro/RJ
146,PARQUE NACIONAL DA SERRA DAS CONFUSÕES,1998,Parna,8238545391,24146759225,"DEC S/N de 02/10/1998, DEC S/N de 30/12/2010",Federal,PI,PI,Cristino Castro Canto do Buriti Tamboril do Piauí Jurema Guaribas.,CERRADO,CAATINGA e CERRADO,CR5 Parnaíba/PI
40,ÁREA DE RELEVANTE INTERESSE ECOLÓGICO DA MATA DE SANTA GENEBRA,1985,Arie,2415536,84975532,DEC  91.885 de 05/11/1985,Federal,US,SP,Campinas.,MATA ATLÂNTICA,MATA ATLÂNTICA,CR8 Rio de Janeiro/RJ
260,RESERVA EXTRATIVISTA VERDE PARA SEMPRE,2004,Resex,1289000,5591143962,DEC S/N de 08/11/2004,Federal,US,PA,Porto de Moz Gurupá Brasil Novo Prainha.,AMAZÔNIA,AMAZÔNIA,CR3 Santarém/PA
45,ÁREA DE RELEVANTE INTERESSE ECOLÓGICO SERRA DA ABELHA,1990,Arie,5016604,419829449,DEC S/N de 28/05/1996,Federal,US,SC,Vitor Meireles Santa Terezinha.,MATA ATLÂNTICA,MATA ATLÂNTICA,CR9 Florianópolis/SC
46,ÁREA DE RELEVANTE INTERESSE ECOLÓGICO VALE DOS DINOSSAUROS,1984,Arie,1457912,48319244,RES CONAMA 17 de 18/12/1984,Federal,US,PB,Sousa.,CAATINGA,CAATINGA,CR6 Cabedelo/PB
33,ÁREA DE RELEVANTE INTERESSE ECOLÓGICO COROBOBÓ,1984,Arie,74735597,346302607,RES CONAMA 005 de 05/06/1984,Federal,US,BA,Jeremoabo.,CAATINGA,CAATINGA,CR6 Cabedelo/PB
30,ÁREA DE RELEVANTE INTERESSE ECOLÓGICO BURITI DE VASSUNUNGA,1990,Arie,1509755,49167088,DEC  99.276/1990,Federal,US,SP,Santa Rita do Passa Quatro.,MATA ATLÂNTICA,MATA ATLÂNTICA,CR11 Lagoa Santa/MG
42,ÁREA DE RELEVANTE INTERESSE ECOLÓGICO PONTAL DOS LATINOS E PONTAL DO SANTIAGO,1984,Arie,29922737,219314304,RES CONAMA 005 de 05/06/1984,Federal,US,RS,Santa Vitória do Palmar.,PAMPA,PAMPA,CR9 Florianópolis/SC
220,RESERVA EXTRATIVISTA AUATÍ-PARANÁ,2001,Resex,1469493758,2753548413,DEC S/N de 07/08/2001,Federal,US,AM,Japurá Fonte Boa e Maraã.,AMAZÔNIA,AMAZÔNIA,CR2 Manaus/AM
225,RESERVA EXTRATIVISTA MARINHA DO DELTA DO PARNAÍBA,2000,Resex,270220734,1050651397,DEC S/N de 16/11/2000,Federal,US,MA/PI,Araioses Ilha Grande Água Doce do Maranhão.,CERRADO,CERRADO,CR5 Parnaíba/PI
239,RESERVA EXTRATIVISTA DO RIO JUTAÍ,2002,Resex,2755158233,4217553809,DEC S/N de 16/07/2002,Federal,US,AM,Jutaí.,AMAZÔNIA,AMAZÔNIA,CR2 Manaus/AM
274,RESERVA EXTRATIVISTA DO ALTO TARAUACÁ,2000,Resex,1509240905,282892282,DEC S/N de 8/11/2000,Federal,US,AC,Tarauacá Jordão Marechal Thaumaturgo.,AMAZÔNIA,AMAZÔNIA,CR1 Porto Velho/RO
1517,RESERVA EXTRATIVISTA DO ALTO JURUÁ,1990,Resex,5379493593,4510577755,DEC 98.863 de 23/01/1990,Federal,US,AC,Marechal Thaumaturgo Jordão Porto Walter Tarauacá.,AMAZÔNIA,AMAZÔNIA,CR1 Porto Velho/RO
234,RESERVA EXTRATIVISTA DO MANDIRA,2002,Resex,1177811,359951545,DEC S/N de 13/12/2002,Federal,US,SP,Cananéia.,MATA ATLÂNTICA,MATA ATLÂNTICA,CR8 Rio de Janeiro/RJ
238,RESERVA EXTRATIVISTA DO RIO DO CAUTÁRIO,2001,Resex,751254962,2090778316,DEC S/N de 07/08/2001,Federal,US,RO,Guajará-Mirim Costa Marques.,AMAZÔNIA,AMAZÔNIA,CR1 Porto Velho/RO
255,RESERVA EXTRATIVISTA MARINHA DO PIRAJUBAÉ,1992,Resex,1712097,283392717,DEC 533 de 20/05/1992,Federal,US,SC,Florianópolis.,MATA ATLÂNTICA,MATA ATLÂNTICA e MARINHO COSTEIRO,CR9 Florianópolis/SC
99,FLORESTA NACIONAL DE MULATA,2001,Flona,2166041828,3700562158,DEC S/N de 01/08/2001,Federal,US,PA,Alenquer Monte Alegre.,AMAZÔNIA,AMAZÔNIA,CR3 Santarém/PA
109,FLORESTA NACIONAL DE SARACÁ-TAQUERA,1989,Flona,4412879869,4366965482,DEC  98.704 de 27/12/1989,Federal,US,PA,Faro Terra Santa Oriximiná.,AMAZÔNIA,AMAZÔNIA,CR3 Santarém/PA
110,FLORESTA NACIONAL DE SILVÂNIA,2001,Flona,4866078,86800794,Portaria 247 de 18/07/2001,Federal,US,GO,Silvânia.,CERRADO,CERRADO,CR11 Lagoa Santa/MG
112,FLORESTA NACIONAL DE TEFÉ,1989,Flona,8651266154,7575512211,DEC  97.629 de 10/04/1989.,Federal,US,AM,Juruá Uarini Alvarães Tefé Carauari.,AMAZÔNIA,AMAZÔNIA,CR2 Manaus/AM
114,FLORESTA NACIONAL DO AMAZONAS,1989,Flona,1944000,22045395301,DEC  97.546 de 01/03/1989.,Federal,US,AM/RR,Barcelos Santa Isabel do Rio Negro.,AMAZÔNIA,AMAZÔNIA,CR2 Manaus/AM
250,RESERVA EXTRATIVISTA MARINHA DE TRACUATEUA,2005,Resex,278645016,145105535,DEC S/N de 20/05/2005,Federal,US,PA,Tracuateua Bragança Quatipuru.,AMAZÔNIA,AMAZÔNIA,CR4 Belém/PA
249,RESERVA EXTRATIVISTA MARINHA DE GURUPI-PIRIÁ,2005,Resex,727899285,3280318871,DEC S/N de 20/05/2005,Federal,US,PA,Viseu Augusto Correia.,AMAZÔNIA,AMAZÔNIA,CR4 Belém/PA
223,RESERVA EXTRATIVISTA CHOCOARÉ-MATO GROSSO,2002,Resex,27831972,625745587,DEC S/N de 16/12/2002,Federal,US,PA,Santarém Novo São João das Pirabas Maracanã Igarapé-Açú.,AMAZÔNIA,AMAZÔNIA,CR4 Belém/PA
227,RESERVA EXTRATIVISTA MARACANÃ,2002,Resex,301796452,577110456,DEC S/N de 13/12/2002,Federal,US,PA,Maracanã Igarapé-Açú Magalhães Barata Salinópolis Santarém Novo São João de Pirabas.,AMAZÔNIA,AMAZÔNIA,CR4 Belém/PA
228,RESERVA EXTRATIVISTA DE SÃO JOÃO DA PONTA,2002,Resex,34094937,124576164,DEC S/N de 13/12/2002,Federal,US,PA,São João da Ponta São Caetano de Odivelas Curuçá.,AMAZÔNIA,AMAZÔNIA,CR4 Belém/PA
243,RESERVA EXTRATIVISTA MÃE GRANDE DE CURUÇÁ,2002,Resex,36678781,4375711958,DEC S/N de 13/12/2002,Federal,US,PA,Curuçá Marapanim São Caetano de Odivelas São João da Ponta.,AMAZÔNIA,AMAZÔNIA,CR4 Belém/PA
288,RESERVA EXTRATIVISTA GURUPÁ-MELGAÇO,2006,Resex,1455741083,2232897812,DEC S/N de 30/11/2006,Federal,US,PA,Melgaço Gurupá Breves.,AMAZÔNIA,AMAZÔNIA,CR4 Belém/PA
126,FLORESTA NACIONAL MAPIÁ - INAUINI,1989,Flona,368950438,5375537871,DEC  98.051 de 14/08/1989,Federal,US,AM,Boca do Acre Pauini.,AMAZÔNIA,AMAZÔNIA,CR1 Porto Velho/RO
121,FLORESTA NACIONAL DO PURUS,1988,Flona,2561229724,3767411517,DEC   96.190 de 21/06/1988,Federal,US,AM,Pauini.,AMAZÔNIA,AMAZÔNIA,CR1 Porto Velho/RO
133,FLORESTA NACIONAL DE SÃO FRANCISCO DE PAULA,1968,Flona,16156002,228562043,Portaria 561 de 25/10/1968,Federal,US,RS,São Francisco de Paula.,MATA ATLÂNTICA,MATA ATLÂNTICA,CR9 Florianópolis/SC
1563,RESERVA EXTRATIVISTA ACAÚ-GOIANA,2007,Resex,66767939,876677354,DEC S/N de 26/09/2007,Federal,US,PB/PE,Goiana Caaporã Pitimbu.,MATA ATLÂNTICA,MATA ATLÂNTICA,CR6 Cabedelo/PB
1564,RESERVA EXTRATIVISTA CHAPADA LIMPA,2007,Resex,119732313,499873636,DEC S/N de 26/09/2007,Federal,US,MA,Chapadinha.,CERRADO,CERRADO,CR5 Parnaíba/PI
107,FLORESTA NACIONAL DE SANTA ROSA DO PURUS,2001,Flona,2315568808,4301636251,DEC S/N de 07/08/2001,Federal,US,AC,Feijó Santa Rosa do Purus.,AMAZÔNIA,AMAZÔNIA,CR1 Porto Velho/RO
108,FLORESTA NACIONAL DE SÃO FRANCISCO,2001,Flona,211478045,830297625,DEC S/N de 07/08/2001,Federal,US,AC,Sena Madureira.,AMAZÔNIA,AMAZÔNIA,CR1 Porto Velho/RO
86,FLORESTA NACIONAL DE BRASÍLIA,1999,Flona,93362464,843999923,DEC S/N de 10/06/1999,Federal,US,DF,Brasília.,CERRADO,CERRADO,CR11 Lagoa Santa/MG
122,FLORESTA NACIONAL DO RIO PRETO,1990,Flona,28174008,418742857,DEC  98.845 de 17/01/1990,Federal,US,ES,Conceição da Barra.,MATA ATLÂNTICA,MATA ATLÂNTICA,CR7 Porto Seguro/BA
94,FLORESTA NACIONAL DE IPANEMA,1992,Flona,53848254,357386402,DEC  530 de 20/05/1992.,Federal,US,SP,Araçoiaba da Serra Iperó Capela do Alto.,MATA ATLÂNTICA,MATA ATLÂNTICA,CR8 Rio de Janeiro/RJ
154,PARQUE NACIONAL DA TIJUCA,1961,Parna,39585117,884844755,"DEC 50.923 de 06/07/1961 ,DEC 60.183 de 08/02/1967 ,DEC 70.186 de 23/02/1972 ,DEC S/N de 03/06/2004",Federal,PI,RJ,Rio de Janeiro.,MATA ATLÂNTICA,MATA ATLÂNTICA,CR8 Rio de Janeiro/RJ
78,FLORESTA NACIONAL DE CAÇADOR,1968,Flona,70654,157307151,Portaria 560 de 25/10/1968,Federal,US,SC,Caçador.,MATA ATLÂNTICA,MATA ATLÂNTICA,CR9 Florianópolis/SC
241,RESERVA EXTRATIVISTA IPAÚ-ANILZINHO,2005,Resex,558350121,1171742582,DEC S/N de 14/06/2005,Federal,US,PA,Baião.,AMAZÔNIA,AMAZÔNIA,CR4 Belém/PA
218,RESERVA DE DESENVOLVIMENTO DE SUSTENTÁVEL DE  ITATUPÃ-BAQUIÁ,2005,RDS,644421784,1161942964,DEC S/N de 14/06/2005,Federal,US,PA,Gurupá.,AMAZÔNIA,AMAZÔNIA,CR4 Belém/PA
272,PARQUE NACIONAL DA CHAPADA DAS MESAS,2005,Parna,1599537806,3614059744,"DEC DE 12 DE DEZEMBRO DE 2005, DEC de S/N 31/01/2006",Federal,PI,MA,Estreito Carolina Riachão.,CERRADO,CERRADO,CR5 Parnaíba/PI
183,PARQUE NACIONAL GRANDE SERTÃO VEREDAS,1989,Parna,2308561429,2818920967,"DEC 97.658 de 12/04/1989, DEC S/N de 21/05/2004",Federal,PI,BA/MG,Cocos Formoso Chapada Gaúcha.,CERRADO,CERRADO,CR11 Lagoa Santa/MG
258,RESERVA EXTRATIVISTA RIOZINHO DO ANFRÍSIO,2004,Resex,7370888682,4930435238,DEC S/N de 08/11/2004,Federal,US,PA,Altamira Itaituba Rurópolis Trairão.,AMAZÔNIA,AMAZÔNIA,CR3 Santarém/PA
97,FLORESTA NACIONAL DE JACUNDÁ,2004,Flona,2212195251,3887522231,DEC S/N de 01/12/2004,Federal,US,RO,Porto Velho Candeias do Jamari.,AMAZÔNIA,AMAZÔNIA,CR1 Porto Velho/RO
105,FLORESTA NACIONAL DE RITÁPOLIS,1999,Flona,891901,4386458,DEC S/N de 21/09/1999,Federal,US,MG,Ritápolis.,MATA ATLÂNTICA,MATA ATLÂNTICA,CR11 Lagoa Santa/MG
84,FLORESTA NACIONAL DE ANAUÁ,2005,Flona,2594029894,3913145257,DEC S/N de 18/02/2005,Federal,US,RR,Rorainópolis.,AMAZÔNIA,AMAZÔNIA,CR2 Manaus/AM
257,RESERVA EXTRATIVISTA RIOZINHO DA LIBERDADE,2005,Resex,3249059325,3990332309,DEC S/N de 17/02/2005,Federal,US,AC/AM,Cruzeiro do Sul Tarauacá  Marechal Thaumaturgo Porto Walter.,AMAZÔNIA,AMAZÔNIA,CR1 Porto Velho/RO
102,FLORESTA NACIONAL DE PALMARES,2005,Flona,1682107,56287184,DEC S/N de 21/02/2005,Federal,US,PI,Teresina Altos.,CAATINGA,CAATINGA,CR5 Parnaíba/PI
190,REFUGIO DE VIDA SILVESTRE DA ILHA DOS LOBOS,1983,Revis,1423882,48004289,"DEC Nº 88.463 DE 04/07/1983, DEC S/N de 13/02/2006",Federal,PI,RS,Torres.,MARINHO COSTEIRO,MARINHO COSTEIRO,CR9 Florianópolis/SC
51,ESTAÇÃO ECOLÓGICA DE CARACARAÍ,1982,Esec,867949142,1628251394,DEC  87.222 de 31/05/1982.,Federal,PI,RR,Caracaraí.,AMAZÔNIA,AMAZÔNIA,CR2 Manaus/AM
60,ESTAÇÃO ECOLÓGICA NIQUIÁ,1985,Esec,2847906287,3472041237,DEC 91.306 de 03/06/1985,Federal,PI,RR,Caracaraí.,AMAZÔNIA,AMAZÔNIA,CR2 Manaus/AM
169,PARQUE NACIONAL DO CABO ORANGE,1980,Parna,6573277743,5128979737,DEC 84.913 de 15/07/1980,Federal,PI,AP,Oiapoque Calçoene.,AMAZÔNIA,AMAZÔNIA,CR4 Belém/PA
210,RESERVA BIOLÓGICA DO RIO TROMBETAS,1979,Rebio,407759213,3427069767,DEC  84018 de 21/09/1979,Federal,PI,PA,Oriximiná.,AMAZÔNIA,AMAZÔNIA,CR3 Santarém/PA
217,RESERVA BIOLÓGICA UNIÃO,1998,Rebio,29229473,269646593,DEC S/N de 22/04/1998,Federal,PI,RJ,Macaé Rio das Ostras Casimiro de Abreu.,MATA ATLÂNTICA,MATA ATLÂNTICA,CR8 Rio de Janeiro/RJ
263,ESTAÇÃO ECOLÓGICA DA GUANABARA,2006,Esec,19362475,217525103,DEC S/N de 15/02/2006,Federal,PI,RJ,Guapimirim Itaboraí São Gonçalo.,MATA ATLÂNTICA,MATA ATLÂNTICA,CR8 Rio de Janeiro/RJ
151,PARQUE NACIONAL DA SERRA DO PARDO,2005,Parna,4454134472,3167996825,DEC S/N de 17/02/2005,Federal,PI,PA,São Félix do Xingu Altamira.,AMAZÔNIA,AMAZÔNIA,CR3 Santarém/PA
216,RESERVA BIOLÓGICA NASCENTES DA SERRA DO CACHIMBO,2005,Rebio,3421957729,3181798118,DEC S/N de 20/05/2005,Federal,PI,PA,Altamira Novo Progresso.,AMAZÔNIA,AMAZÔNIA,CR3 Santarém/PA
244,RESERVA EXTRATIVISTA MAPUÁ,2005,Resex,937476608,2331526732,DEC S/N de 20/05/2005,Federal,US,PA,Breves Anajás.,AMAZÔNIA,AMAZÔNIA,CR4 Belém/PA
221,RESERVA EXTRATIVISTA BARREIRO DAS ANTAS,2001,Resex,1061985222,2051472608,DEC S/N de 07/08/2001,Federal,US,RO,Guajará-Mirim.,AMAZÔNIA,AMAZÔNIA,CR1 Porto Velho/RO
124,FLORESTA NACIONAL DO TAPIRAPÉAQUIRI,1989,Flona,196506472,3231521165,DEC  97.720 de 05/05/1989,Federal,US,PA,São Félix do Xingu Marabá.,AMAZÔNIA,AMAZÔNIA,CR4 Belém/PA
117,FLORESTA NACIONAL DO ITACAIUNAS,1998,Flona,13670066,2766375242,DEC  2.480 de 02/02/1998.,Federal,US,PA,Marabá.,AMAZÔNIA,AMAZÔNIA,CR4 Belém/PA
129,FLORESTA NACIONAL DE PASSA QUATRO,1968,Flona,3353731,86600123,Portaria 562 de 25/10/1968,Federal,US,MG,Passa Quatro.,MATA ATLÂNTICA,MATA ATLÂNTICA,CR8 Rio de Janeiro/RJ
98,FLORESTA NACIONAL DE LORENA,2001,Flona,281409,67799732,Portaria 246 de 18/07/2001,Federal,US,SP,Lorena.,MATA ATLÂNTICA,MATA ATLÂNTICA,CR8 Rio de Janeiro/RJ
125,FLORESTA NACIONAL DE IRATI,1968,Flona,38025128,521679133,Portaria 559 de 25/10/1968,Federal,US,PR,Teixeira Soares Fernandes Pinheiro.,MATA ATLÂNTICA,MATA ATLÂNTICA,CR9 Florianópolis/SC
265,FLORESTA NACIONAL DO TRAIRÃO,2006,Flona,2575293445,4252361687,DEC S/N de 13/02/2006,Federal,US,PA,Rurópolis Trairão Itaituba.,AMAZÔNIA,AMAZÔNIA,CR3 Santarém/PA
275,RESERVA BIOLÓGICA DAS PEROBAS,2006,Rebio,87161922,496654376,DEC S/N de 20/03/2006,Federal,PI,PR,Cianorte Tuneiras do Oeste.,MATA ATLÂNTICA,MATA ATLÂNTICA,CR9 Florianópolis/SC
278,REFÚGIO DE VIDA SILVESTRE DOS CAMPOS DE PALMAS,2006,Revis,165942869,909493762,DEC S/N de 03/04/2006,Federal,PI,PR/SC,General Carneiro Palmas Água Doce.,MATA ATLÂNTICA,MATA ATLÂNTICA,CR9 Florianópolis/SC
208,RESERVA BIOLÓGICA DO JARU,1979,Rebio,3468641982,3583857968,"DEC  83.716 de 11/07/1979, DEC S/N de 02/05/2006",Federal,PI,RO,Machadinho d'Oeste Vale do Anari Ji-Paraná Colniza Rondolândia Theobroma Vale do Paraíso.,AMAZÔNIA,AMAZÔNIA,CR1 Porto Velho/RO
285,RESERVA EXTRATIVISTA ARAPIXI,2006,Resex,1337115066,2512223745,DEC S/N de 21/06/2006,Federal,US,AM,Boca do Acre.,AMAZÔNIA,AMAZÔNIA,CR1 Porto Velho/RO
87,FLORESTA NACIONAL DE CANELA,1968,Flona,5635208,128870293,Portaria 561 de 25/10/1968,Federal,US,RS,Canela.,MATA ATLÂNTICA,MATA ATLÂNTICA,CR9 Florianópolis/SC
130,FLORESTA NACIONAL DE PASSO FUNDO,1968,Flona,13336314,354757275,Portaria 561 de 25/10/1968,Federal,US,RS,Mato Castelhano.,MATA ATLÂNTICA,MATA ATLÂNTICA,CR9 Florianópolis/SC
1605,FLORESTA NACIONAL DE NEGREIROS,2007,Flona,30045615,306735817,DEC S/N de 11/10/2007,Federal,US,PE,Parnamirim Serrita.,CAATINGA,CAATINGA,CR6 Cabedelo/PB
100,FLORESTA NACIONAL DE NÍSIA FLORESTA,2001,Flona,1688433,60999691,DEC S/N de 27/09/2001,Federal,US,RN,Nísia Floresta.,MATA ATLÂNTICA,MATA ATLÂNTICA,CR6 Cabedelo/PB
1626,PARQUE NACIONAL NASCENTES DO LAGO JARI,2008,Parna,8127528072,5637672166,DEC S/N de 08/05/2008,Federal,PI,AM,Tapauá Beruri.,AMAZÔNIA,AMAZÔNIA,CR2 Manaus/AM
1606,RESERVA EXTRATIVISTA DO MÉDIO PURÚS,2008,Resex,6042359698,11572986595,DEC S/N de 08/05/2008,Federal,US,AM,Pauini Lábrea Tapauá.,AMAZÔNIA,AMAZÔNIA,CR1 Porto Velho/RO
231,RESERVA EXTRATIVISTA DO BATOQUE,2005,Resex,6014468,135144466,DEC S/N de 05/06/2003,Federal,US,CE,Aquiraz Cascavel.,CAATINGA,CAATINGA,CR6 Cabedelo/PB
1628,RESERVA EXTRATIVISTA ITUXÍ,2008,Resex,7763296394,6375152025,DEC S/N de 05/06/2008,Federal,US,AM,Lábrea.,AMAZÔNIA,AMAZÔNIA,CR1 Porto Velho/RO
1635,RESERVA EXTRATIVISTA RIO XINGU,2008,Resex,3030047034,3746834488,DEC S/N de 05/06/2008,Federal,US,PA,Altamira São Félix do Xingú.,AMAZÔNIA,AMAZÔNIA,CR3 Santarém/PA
127,FLORESTA NACIONAL MÁRIO XAVIER,1986,Flona,4959905,11405718,DEC  93.369 de 08/10/1986,Federal,US,RJ,Seropédica.,MATA ATLÂNTICA,MATA ATLÂNTICA,CR8 Rio de Janeiro/RJ
81,FLORESTA NACIONAL CONTENDAS DO SINCORÁ,1999,Flona,112159307,709246982,DEC S/N de 21/09/1999,Federal,US,BA,Contendas do Sincorá Tanhaçu.,CAATINGA,CAATINGA,CR7 Porto Seguro/BA
80,FLORESTA NACIONAL DE CHAPECÓ,1968,Flona,1604361,394436425,Portaria 560 de 25/10/1968,Federal,US,SC,Guatambú Chapecó.,MATA ATLÂNTICA,MATA ATLÂNTICA,CR9 Florianópolis/SC
134,FLORESTA NACIONAL DE TRÊS BARRAS,1968,Flona,43853595,433394439,Portaria 560 de 25/12/1968,Federal,US,SC,Três Barras.,MATA ATLÂNTICA,MATA ATLÂNTICA,CR9 Florianópolis/SC
93,FLORESTA NACIONAL DE IBIRAMA,1988,Flona,5193499,184660096,DEC  95.818 de 11/03/1988,Federal,US,SC,Ibirama Ascurra Apiúna.,MATA ATLÂNTICA,MATA ATLÂNTICA,CR9 Florianópolis/SC
280,RESERVA EXTRATIVISTA RIO IRIRI,2006,Resex,3989976122,5447612772,DEC S/N de 05/06/2006,Federal,US,PA,Altamira.,AMAZÔNIA,AMAZÔNIA,CR3 Santarém/PA
187,PARQUE NACIONAL MONTANHAS DO TUMUCUMAQUE,2002,Parna,3865000,17159299907,DEC S/N de 22/08/2002,Federal,PI,AP,Laranjal do Jari Pedra Branca do Amaparí Serra do Navio Calçoene Oiapoque Almerim Amapá Ferreira Gomes Pracuúba.,AMAZÔNIA,AMAZÔNIA,CR4 Belém/PA
103,FLORESTA NACIONAL DE PARAOPEBA,2001,Flona,203292,78426912,Portaria 248 de 18/07/2001,Federal,US,MG,Paraopeba.,CERRADO,CERRADO,CR11 Lagoa Santa/MG
1683,ÁREA DE PROTEÇÃO AMBIENTAL SERRA DA MERUOCA,2008,APA,293617424,1950642161,LEI 11.891 de 24/12/2008,Federal,US,CE,Meruoca Massapê Alcântara e Sobral.,CAATINGA,CAATINGA,CR5 Parnaíba/PI
1812,MONUMENTO NATURAL DO RIO SÃO FRANCISCO,2009,Mona,267367008,1943398164,DEC S/N de 05/06/2009,Federal,PI,BA/SE/AL,Piranhas Olho d´água do Cassado Delmiro Gouveira Paulo Afonso Canindé do São Francisco.,CAATINGA,CAATINGA,CR6 Cabedelo/PB
1809,RESERVA EXTRATIVISTA PRAINHA DO CANTO VERDE,2009,Resex,298054819,823891574,DEC S/N de 05/06/2009,Federal,US,CE,Beberibe.,MARINHO COSTEIRO,MARINHO COSTEIRO,CR6 Cabedelo/PB
71,ESTAÇÃO ECOLÓGICA DOS TUPINIQUINS,1986,Esec,17277142,313090574,DEC 92.964 de 21/07/1986,Federal,PI,SP,Peruíbe.,MARINHO COSTEIRO,MARINHO COSTEIRO,CR8 Rio de Janeiro/RJ
152,PARQUE NACIONAL DA SERRA DOS ORGÃOS,1984,Parna,200207461,1142719966,"DEC 1.822 de 30/11/1939 ,DEC 90.023 de 02/08/1984 ,DEC S/N de 13/09/2008",Federal,PI,RJ,Teresópolis Petrópolis Magé Guapimirim.,MATA ATLÂNTICA,MATA ATLÂNTICA,CR8 Rio de Janeiro/RJ
1521,ÁREA DE PROTEÇÃO AMBIENTAL BACIA DO PARAÍBA DO SUL,1982,APA,2925999242,10737129582,DEC  87.561 de 13/09/1982,Federal,US,MG/RJ/SP,Silveiras Taubaté Ubatuba Parati Areias Arujá Bananal Cachoeira Paulista Cunha Guarulhos Igaratá Jacareí Jambeiro Lorena Monteiro Lobato Natividade da Serra Nazaré Paulista Paraibuna Pindamonhangaba Redenção da Serra Salesópol,MATA ATLÂNTICA,MATA ATLÂNTICA,CR8 Rio de Janeiro/RJ
32,ÁREA DE RELEVANTE INTERESSE ECOLÓGICO CERRADO PÉ-DE-GIGANTE,1990,Arie,11990535,146829152,DEC  99.275 de 06/06/1990,Federal,US,SP,Santa Rita do Passa Quatro.,CERRADO,CERRADO,CR8 Rio de Janeiro/RJ
245,RESERVA EXTRATIVISTA MARINHA DA BAIA DO IGUAPÉ,2000,Resex,10082591,164782769,"DEC S/N de 11/08/2000, LEI 12.058 de 13/10/2009",Federal,US,BA,Maragogipe Cachoeira São Félix Saubara.,MATA ATLÂNTICA,MATA ATLÂNTICA e MARINHO COSTEIRO,CR7 Porto Seguro/BA
48,ESTAÇÃO ECOLÓGICA DE AIUABA,2001,Esec,117467835,738691482,DEC S/N de 06/02/2001,Federal,PI,CE,Aiuaba.,CAATINGA,CAATINGA,CR6 Cabedelo/PB
1813,REFUGIO DE VIDA SILVESTRE DO RIO DOS FRADES,2007,Revis,8986784,138722133,DEC S/N de 21/12/2007,Federal,PI,BA,Porto Seguro.,MATA ATLÂNTICA,MATA ATLÂNTICA,CR7 Porto Seguro/BA
34,MONUMENTO NATURAL DO ARQUIPÉLAGO DAS ILHAS CAGARRAS,2010,Mona,1059327,102799997,LEI 12.229 de 13/04/2010,Federal,PI,RJ,Rio de Janeiro.,MARINHO COSTEIRO,MARINHO COSTEIRO,CR8 Rio de Janeiro/RJ
176,PARQUE NACIONAL DO PAU BRASIL,1999,Parna,189345456,922109386,DEC S/N de 11/06/2010,Federal,PI,BA,Porto Seguro.,MATA ATLÂNTICA,MATA ATLÂNTICA,CR7 Porto Seguro/BA
116,FLORESTA NACIONAL DO BOM FUTURO,1988,Flona,973852799,3075755383,"DEC  96.188 de 21/06/1988, LEI  12249 de 11/06/2010",Federal,US,RO,Porto Velho.,AMAZÔNIA,AMAZÔNIA,CR1 Porto Velho/RO
1909,PARQUE NACIONAL DA SERRA DAS LONTRAS,2010,Parna,113438437,1025219137,DEC S/N de 11/06/2010,Federal,PI,BA,Arataca Uma.,MATA ATLÂNTICA,MATA ATLÂNTICA,CR7 Porto Seguro/BA
1910,PARQUE NACIONAL DO ALTO CARIRI,2010,Parna,192382621,1505487805,DEC S/N de 11/06/2010,Federal,PI,BA,Guaratinga.,MATA ATLÂNTICA,MATA ATLÂNTICA,CR7 Porto Seguro/BA
1908,PARQUE NACIONAL DE BOA NOVA,2010,Parna,1206547,1290424395,DEC S/N de 11/06/2010,Federal,PI,BA,Boa Nova Manoel Vitorino Dário Meira.,MATA ATLÂNTICA,MATA ATLÂNTICA,CR7 Porto Seguro/BA
1907,REFUGIO DE VIDA SILVESTRE DE BOA NOVA,2010,Revis,150240579,1850070255,DEC S/N de 11/06/2010,Federal,PI,BA,Boa Nova Manoel Vitorino Dário Meira.,MATA ATLÂNTICA,MATA ATLÂNTICA,CR7 Porto Seguro/BA
92,FLORESTA NACIONAL DE HUMAITÁ,1998,Flona,4731589617,43035436,DEC  2.485 de 02/02/1998,Federal,US,AM,Humaitá.,AMAZÔNIA,AMAZÔNIA,CR1 Porto Velho/RO
226,RESERVA EXTRATIVISTA DA MATA GRANDE,1992,Resex,114316616,585216194,DEC 532 de 20/05/1992,Federal,US,MA,Davinópolis Senador La Rocque João Lisboa Imperatriz.,CERRADO,AMAZÔNIA Port 96 MMA,CR4 Belém/PA
222,RESERVA EXTRATIVISTA CHICO MENDES,1990,Resex,9315429422,11029376438,DEC 99.144 de 12/03/1990,Federal,US,AC,Sena Madureira Rio Branco Capixaba Xapuri Brasiléia Assis Brasil Epitaciolândia.,AMAZÔNIA,AMAZÔNIA,CR1 Porto Velho/RO
279,RESERVA EXTRATIVISTA DE CURURUPU,2004,Resex,1860567301,605667092,DEC S/N de 02/06/2004,Federal,US,MA,Apicum-Açu Bacuri Serrano do Maranhão Cururupu Porto Rico do Maranhão.,AMAZÔNIA,AMAZÔNIA,CR4 Belém/PA
240,RESERVA EXTRATIVISTA DO EXTREMO NORTE DO ESTADO DO TOCANTINS,1992,Resex,90706031,477695651,DEC 535 de 20/05/1992,Federal,US,TO,Carrasco Bonito Sampaio Buriti do Tocantins.,CERRADO,CERRADO,CR4 Belém/PA
29,ÁREA DE PROTEÇÃO AMBIENTAL SERRA DA IBIAPABA,1996,APA,1628000,8707638912,DEC S/N de 26/11/1996,Federal,US,PI/CE,Buriti dos Lopes Bom Princípio Cocal Piracuruca Piripiri Brasileira Pedro II Lagoa do S. Francisco Conceição Domingos Mourão Chaval Granja Moraújo Tianguá e Viçosa do Ceará.,CAATINGA,CAATINGA e CERRADO,CR5 Parnaíba/PI
119,FLORESTA NACIONAL DO JATUARANA,2002,Flona,5694284396,4394021939,DEC S/N de 19/09/2002,Federal,US,AM,Apuí.,AMAZÔNIA,AMAZÔNIA,CR2 Manaus/AM
233,RESERVA EXTRATIVISTA DO LAGO DO CUNIÃ,1999,Resex,506042681,1403258037,"DEC3.238 de 10/11/1999 , DEC 3.449 de 09/05/2000",Federal,US,RO,Porto Velho.,AMAZÔNIA,AMAZÔNIA,CR1 Porto Velho/RO
1520,RESERVA EXTRATIVISTA DO QUILOMBO FLEXAL,1992,Resex,93384512,452926636,DEC 536 de 20/05/1992,Federal,US,MA,Mirinzal.,AMAZÔNIA,AMAZÔNIA,CR4 Belém/PA
186,PARQUE NACIONAL MARINHO DE FERNANDO DE NORONHA,1988,Parna,109278267,606429456,DEC 96.693 de 14/09/1988,Federal,PI,PE,Fernando de Noronha.,MARINHO COSTEIRO,MARINHO COSTEIRO,CR6 Cabedelo/PB
137,PARQUE NACIONAL DA CHAPADA DA DIAMANTINA,1985,Parna,1521439141,359344882,DEC 91.655 de 17/09/1985,Federal,PI,BA,Palmeiras Lençóis Andaraí Itaeté Ibicoara Mucugê.,CAATINGA,CAATINGA,CR7 Porto Seguro/BA
83,FLORESTA NACIONAL DE ALTAMIRA,1998,Flona,7249739366,479092375,DEC  2.483 de 2/2/1998,Federal,US,PA,Altamira Trairão Itaituba.,AMAZÔNIA,AMAZÔNIA,CR3 Santarém/PA
76,ESTACAO ECOLÓGICA SERRA GERAL DO TOCANTINS,2001,Esec,7070877396,6430194978,DEC S/N de 27/09/2001,Federal,PI,BA/TO,Ponte Alta do Tocantins Mateiros Formosa do Rio Preto Rio da Conceição Almas.,CERRADO,CERRADO,CR5 Parnaíba/PI
283,RESERVA EXTRATIVISTA RIO UNINI,2006,Resex,84969335,12324546711,"DEC S/N de 21/06/2006 
",Federal,US,AM,Barcelos Maraã.,AMAZÔNIA,AMAZÔNIA,CR2 Manaus/AM
62,ESTAÇÃO ECOLÓGICA DE TAIAMÃ,1981,Esec,115549824,969853549,DEC  86.061 de 02/06/1981,Federal,PI,MT,Poconé.,PANTANAL,PANTANAL,CR10 Cuiabá/MT
269,FLORESTA NACIONAL DO IBURA,2005,Flona,1441422,5629347,DEC S/N de 19/09/2005.,Federal,US,SE,Nossa Senhora do Socorro Laranjeiras.,MATA ATLÂNTICA,MATA ATLÂNTICA,CR6 Cabedelo/PB
162,PARQUE NACIONAL DE JERICOACOARA,2002,Parna,88630292,557235639,"DEC S/N de 04/02/2002, LEI 11.486 de 15/06/2007",Federal,PI,CE,Cruz Jijoca de Jericoacoara.,CAATINGA,CAATINGA,CR5 Parnaíba/PI
262,PARQUE NACIONAL DAS ARAUCÁRIAS,2005,Parna,128095884,1807691442,DEC S/N de 19/10/2005,Federal,PI,SC,Passos Maia Ponte Serrada.,MATA ATLÂNTICA,MATA ATLÂNTICA,CR9 Florianópolis/SC
64,ESTAÇÃO ECOLÓGICA TUPINAMBÁS,1987,Esec,24636151,432991098,DEC  94.656 de 20/07/1987,Federal,PI,SP,São Sebastião.,MARINHO COSTEIRO,MARINHO COSTEIRO,CR8 Rio de Janeiro/RJ
284,PARQUE NACIONAL DOS CAMPOS AMAZÔNICOS,2006,Parna,9613266491,10729841869,"DEC S/N de 21/06/2006, MP 542 de 12/08/2011, LEI 12.678 de 25/06/2012",Federal,PI,RO/MT/AM,Manicoré Novo Aripuanã  Machadinho d'Oeste Colniza.,AMAZÔNIA,AMAZÔNIA,CR1 Porto Velho/RO
196,RESERVA BIOLÓGICA GUARIBAS,1990,Rebio,40516903,656023726,DEC  98.884 de 25/01/1990,Federal,PI,PB,Rio Tinto Mamanguape.,MATA ATLÂNTICA,MATA ATLÂNTICA,CR6 Cabedelo/PB
89,FLORESTA NACIONAL DE CAXIUANÂ,1961,Flona,3179506567,2971666891,DEC 236 de 28/11/1961,Federal,US,PA,Portel Melgaço.,AMAZÔNIA,AMAZÔNIA,CR4 Belém/PA
104,FLORESTA NACIONAL DE PAU-ROSA,2001,Flona,9881867179,10001358405,DEC S/N de 07/08/2001.,Federal,US,AM,Maués Nova Olinda do Norte.,AMAZÔNIA,AMAZÔNIA,CR2 Manaus/AM
248,RESERVA EXTRATIVISTA MARINHA DE CAETÉ-TAPERAÇU,2005,Resex,424898063,1646833841,DEC S/N de 20/05/2005,Federal,US,PA,Bragança Tracateua.,AMAZÔNIA,AMAZÔNIA,CR4 Belém/PA
65,ESTAÇÃO ECOLÓGICA DE URUÇUI-UNA,1981,Esec,1351222913,1693685846,DEC  86.061 de 02/06/1981.,Federal,PI,PI,Baixa Grande do Ribeiro.,CERRADO,CERRADO,CR5 Parnaíba/PI
254,RESERVA EXTRATIVISTA MARINHA DE SOURE,2001,Resex,295787959,2835519923,DEC de 22/11/2001,Federal,US,PA,Soure.,AMAZÔNIA,AMAZÔNIA,CR4 Belém/PA
1518,RESERVA EXTRATIVISTA DO RIO CAJARI,1990,Resex,5324045105,3668565983,DEC 99.145 de 12/03/1990,Federal,US,AP,Mazagão Laranjal do Jari Vitória do Jari.,AMAZÔNIA,AMAZÔNIA,CR4 Belém/PA
259,RESERVA EXTRATIVISTA TAPAJÓS-ARAPIUNS,1998,Resex,6775214736,6000114586,DEC S/N de 06/11/1998,Federal,US,PA,Santarém Aveiro.,AMAZÔNIA,AMAZÔNIA,CR3 Santarém/PA
111,FLORESTA NACIONAL DE SOBRAL,1967,Flona,6610234,126890507,Portaria 358 de 27/09/2001,Federal,US,CE,Sobral.,CAATINGA,CAATINGA,CR5 Parnaíba/PI
70,ESTAÇÃO ECOLÓGICA DO TAIM,1986,Esec,109386375,1328719145,"DEC 92.963 de 21/07/1986, DEC S/N de 05/06/2003",Federal,PI,RS,Rio Grande Santa Vitória do Palmar.,PAMPA,PAMPA,CR9 Florianópolis/SC
113,FLORESTA NACIONAL DO AMAPÁ,1989,Flona,4603591433,4092965174,DEC  97.630 de 10/04/1989.,Federal,US,AP,Ferreira Gomes Pracuúba Amapá.,AMAZÔNIA,AMAZÔNIA,CR4 Belém/PA
158,PARQUE NACIONAL DE APARADOS DA SERRA,1959,Parna,131481362,649714262,"DEC 47.446 de 17/12/1959,DEC 70.296 de 17/03/1972",Federal,PI,SC/RS,Cambará do Sul Praia Grande.,MATA ATLÂNTICA,MATA ATLÂNTICA,CR9 Florianópolis/SC
153,PARQUE NACIONAL DA SERRA GERAL,1992,Parna,173020082,1049334251,DEC 531 de 20/05/1992,Federal,PI,SC/RS,Jacinto Machado Praia Grande Cambará do Sul.,MATA ATLÂNTICA,MATA ATLÂNTICA,CR9 Florianópolis/SC
171,PARQUE NACIONAL DO DESCOBRIMENTO,1999,Parna,226942592,1565934231,DEC S/N de 05/06/2012,Federal,PI,BA,Prado.,MATA ATLÂNTICA,MATA ATLÂNTICA,CR7 Porto Seguro/BA
2633,PARQUE NACIONAL DA FURNA FEIA,2012,Parna,85176291,719822258,DEC S/N de 05/06/2012,Federal,PI,RN,Baraúna Mossoró.,CAATINGA,CAATINGA,CR6 Cabedelo/PB
2634,RESERVA BIOLÓGICA  BOM JESUS,2012,Rebio,341790261,1852174791,DEC S/N de 05/06/2012,Federal,PI,PR,Antonina Guaraqueçaba Paranaguá.,MATA ATLÂNTICA,MATA ATLÂNTICA,CR9 Florianópolis/SC
91,FLORESTA NACIONAL DE GOYTACAZES,2002,Flona,14256528,180526125,DEC S/N de 05/06/2012,Federal,US,ES,Linhares.,MATA ATLÂNTICA,MATA ATLÂNTICA,CR7 Porto Seguro/BA
115,FLORESTA NACIONAL DO ARARIPE-APODI,1946,Flona,389200619,1340571047,"DEC-LEI  9.226 de 02/05/1946, DEC S/N de 05/06/2012",Federal,US,CE,Santana do Cariri Crato Barbalha Missão Velha.,CAATINGA,CAATINGA,CR6 Cabedelo/PB
184,PARQUE NACIONAL DE ITATIAIA,1937,Parna,280863496,1039812692,"DEC 1.713 de 14/06/1937, DEC 87.586 de 20/09/1982",Federal,PI,MG/RJ,Itamonte Resende Itatiaia Bocaina de Minas.,MATA ATLÂNTICA,MATA ATLÂNTICA,CR8 Rio de Janeiro/RJ
136,PARQUE NACIONAL DA AMAZÔNIA,1974,Parna,1066000,18034685792,"DEC 73.683 DE 19/02/1974, DEC 90.823 DE 18/01/1985, DEC S/N DE 13/02/2006, LEI 12.678 de 25/07/2012 
",Federal,PI,AM/PA,Aveiro Itaituba Maués.,AMAZÔNIA,AMAZÔNIA,CR3 Santarém/PA
159,PARQUE NACIONAL DE BRASÍLIA,1961,Parna,423555419,1864031686,"DEC 241 de 29/11/1961, LEI 11.285 de 09/03/2006",Federal,PI,DF,Brasília Padre Bernardo Planaltina.,CERRADO,CERRADO,CR11 Lagoa Santa/MG
95,FLORESTA NACIONAL DE ITAITUBA I,1998,Flona,2131050065,6282742744,"DEC  2.481 de 02/02/1998, LEI 12.678 de 25/06/2012",Federal,US,PA,Itaituba Trairão.,AMAZÔNIA,AMAZÔNIA,CR3 Santarém/PA
270,FLORESTA NACIONAL DO CREPORI,2006,Flona,7403964725,6264092937,"DEC S/N de 13/02/2006, LEI 12.678 de 25/06/2012",Federal,US,PA,Jacareacanga.,AMAZÔNIA,AMAZÔNIA,CR3 Santarém/PA
205,RESERVA BIOLÓGICA DO CÓRREGO GRANDE,1989,Rebio,15037519,195749136,DEC  97.657 de 12/04/1989,Federal,PI,ES,Conceição da Barra Mucuri.,MATA ATLÂNTICA,MATA ATLÂNTICA,CR7 Porto Seguro/BA
23,ÁREA DE PROTEÇÃO AMBIENTAL DO PLANALTO CENTRAL,2002,APA,5034233576,11558360931,DEC S/N de 10/01/2002,Federal,US,GO/DF,Planaltina Padre Bernardo Brasília Águas Claras de Goiás Cristalina Cabeceira Grande Santo Antônio do Descoberto Formosa Cidade Ocidental Novo Gama.,CERRADO,CERRADO,CR11 Lagoa Santa/MG
53,ESTAÇÃO ECOLÓGICA DE CUNIÃ,2001,Esec,1853136097,3569458265,"DEC S/N de 27/09/2001, DEC S/N de 21/12/2007, DEC S/N de 13/03/2008,, LEI 12.249 de 11/06/2010",Federal,PI,RO/AM,Canutama Porto Velho.,AMAZÔNIA,AMAZÔNIA,CR1 Porto Velho/RO
90,FLORESTA NACIONAL DE CRISTÓPOLIS,2001,Flona,128406922,539989285,DEC S/N de 18/05/2001,Federal,US,BA,Baianópolis.,CERRADO,CERRADO,CR7 Porto Seguro/BA
123,FLORESTA NACIONAL DO TAPAJÓS,1974,Flona,5306206515,5462031096,"DEC  73.684 de 19/02/1974, LEI Nº 12.678 DE 25/06/2012",Federal,US,PA,Aveiro Belterra Rurópolis Placas.,AMAZÔNIA,AMAZÔNIA,CR3 Santarém/PA
75,ESTAÇÃO ECOLÓGICA DA SERRA DAS ARARAS,1982,Esec,271597104,1105162751,DEC  87.222 de 31/05/1982.,Federal,PI,MT,Porto Estrela.,CERRADO,CERRADO,CR10 Cuiabá/MT
1810,RESERVA EXTRATIVISTA RENASCER,2009,Resex,2096673737,2349678096,DEC S/N de 05/06/2009,Federal,US,PA,Prainha.,AMAZÔNIA,AMAZÔNIA,CR3 Santarém/PA
3,ÁREA DE PROTEÇÃO AMBIENTAL DA BACIA DO RIO DESCOBERTO,1983,APA,417836139,93435203,DEC  88.940 de 07/11/1983,Federal,US,GO/DF,Brasília Águas Lindas de Goiás Padre Bernardo.,CERRADO,CERRADO,CR11 Lagoa Santa/MG
251,RESERVA EXTRATIVISTA MARINHA DO ARRAIAL DO CABO,1997,Resex,516773859,1293048596,DEC S/N de 03/01/1997,Federal,US,RJ,Arraial do Cabo Araruama Cabo Frio.,MATA ATLÂNTICA,MATA ATLÂNTICA,CR8 Rio de Janeiro/RJ
2874,PARQUE NACIONAL MARINHO DAS ILHAS DOS CURRAIS,2013,Parna,1359701,160676749,LEI 12.829 de 20/06/2013,Federal,PI,PR,Pontal do Paraná.,MARINHO COSTEIRO,MARINHO COSTEIRO,CR9 Florianópolis/SC
138,PARQUE NACIONAL DA CHAPADA DOS GUIMARÃES,1989,Parna,326468319,1130734235,DEC 97.656 de 12/04/1989,Federal,PI,MT,Chapada dos Guimarães Cuiabá.,CERRADO,CERRADO,CR10 Cuiabá/MT
230,RESERVA EXTRATIVISTA DO BAIXO JURUÁ,2001,Resex,1780389215,2923015307,DEC S/N de 01/08/2001,Federal,US,AM,Juruá Uarini.,AMAZÔNIA,AMAZÔNIA,CR2 Manaus/AM
189,PARQUE NACIONAL SERRA DA MOCIDADE,1998,Parna,3599436144,4031927895,DEC S/N de 29/04/1998,Federal,PI,AM/RR,Caracaraí Barcelos.,AMAZÔNIA,AMAZÔNIA,CR2 Manaus/AM
145,PARQUE NACIONAL DA SERRA DA CAPIVARA,1979,Parna,100764194,1957733398,"DEC 83.548 de 05/06/1979, DEC 99.143 de 12/03/1990",Federal,PI,PI,João Costa Brejo do Piauí São Raimundo Nonato Coronel José Dias.,CAATINGA,CAATINGA,CR5 Parnaíba/PI
175,PARQUE NACIONAL DO PANTANAL MATO-GROSSENSE,1981,Parna,1359226462,3024505937,DEC 86.392 de 24/09/1981,Federal,PI,MS/MT,Poconé.,PANTANAL,PANTANAL,CR10 Cuiabá/MT
197,RESERVA BIOLOGICA DE PEDRA TALHADA,1989,Rebio,43823723,330817647,DEC  98.524 de 13/12/1989,Federal,PI,PE/AL,Lagoa do Ouro Quebrangulo.,MATA ATLÂNTICA,MATA ATLÂNTICA,CR6 Cabedelo/PB
120,FLORESTA NACIONAL DO MACAUÃ,1988,Flona,1763473647,3015963475,DEC  96.189 de 21/06/1988,Federal,US,AC,Sena Madureira.,AMAZÔNIA,AMAZÔNIA,CR1 Porto Velho/RO
1808,RESERVA EXTRATIVISTA DE CASSURUBÁ,2009,Resex,1005783782,2840129367,DEC S/N de  05/06/2009,Federal,US,BA,Caravelas Alcobaça Nova Viçosa.,MATA ATLÂNTICA,MATA ATLÂNTICA,CR7 Porto Seguro/BA
281,PARQUE NACIONAL DO JURUENA,2006,Parna,1958000,12986827726,DEC S/N de 05/06/2006,Federal,PI,AM/MT,Apuí Maués Apiacás Nova Bandeirantes Cotriguaçu.,AMAZÔNIA,AMAZÔNIA,CR1 Porto Velho/RO
1880,REFUGIO DE VIDA SILVESTRE DE UNA,2007,Revis,232620858,209934451,DEC S/N de 21/12/2007,Federal,PI,BA,Ilhéus.,MATA ATLÂNTICA,MATA ATLÂNTICA,CR7 Porto Seguro/BA
202,RESERVA BIOLÓGICA DE UNA,1980,Rebio,187250628,921466602,DEC  85.463 de 10/12/1980,Federal,PI,BA,Una Ilhéus.,MATA ATLÂNTICA,MATA ATLÂNTICA,CR7 Porto Seguro/BA
1911,REFUGIO DE VIDA SILVESTRE DE SANTA CRUZ,2010,Revis,177499983,631016786,DEC S/N de 17/06/2010,Federal,PI,ES,Aracruz Fundão Serra.,MARINHO COSTEIRO,MARINHO COSTEIRO,CR7 Porto Seguro/BA
1912,ÁREA DE PROTEÇÃO AMBIENTAL COSTA DAS ALGAS,2010,APA,1150019223,2192174613,DEC S/N de 17/06/2010,Federal,US,ES,Aracruz Fundão Serra.,MARINHO COSTEIRO,MARINHO COSTEIRO,CR7 Porto Seguro/BA
11,ÁREA DE PROTEÇÃO AMBIENTAL DA SERRA DA MANTIQUEIRA,1985,APA,4312837827,11375962134,"DEC  91.304 de 03/06/1985, LEI 9.097 de 19/09/1995",Federal,US,MG/RJ/SP,Santa Rita de Jacutinga Tremembé Virgínia Wenceslau Braz Itatiaia Quatis Resende Aiuruoca Al  XXX,MATA ATLÂNTICA,MATA ATLÂNTICA,CR8 Rio de Janeiro/RJ
131,FLORESTA NACIONAL DE PIRAÍ DO SUL,2004,Flona,1506144,6858155,DEC S/N de 02/06/2004,Federal,US,PR,Piraí do Sul.,MATA ATLÂNTICA,MATA ATLÂNTICA,CR9 Florianópolis/SC
164,PARQUE NACIONAL DE SAINT-HILAIRE/LANGE,2001,Parna,243524262,1630826153,LO 10.227 de 23/05/2001,Federal,PI,PR,Morretes Paranaguá Matinhos Guaratuba.,MATA ATLÂNTICA,MATA ATLÂNTICA,CR9 Florianópolis/SC
1519,RESERVA EXTRATIVISTA DO CIRIACO,1992,Resex,81066306,538821018,DEC S/N de 17/06/2010,Federal,US,MA,Cidelândia Imperatriz.,AMAZÔNIA,AMAZÔNIA,CR4 Belém/PA
207,RESERVA BIOLÓGICA DO GURUPI,1988,Rebio,2712014204,3248705455,DEC 95.614 de 12/01/1988,Federal,PI,MA,Centro Novo do Maranhão São João do Carú Bom Jardim Itinga do Maranhão Paragominas.,AMAZÔNIA,AMAZÔNIA,CR4 Belém/PA
41,ÁREA DE RELEVANTE INTERESSE ECOLÓGICO MATÃO DE COSMÓPOLIS,1985,Arie,1730894,81891301,DEC  90.791 de 09/01/1985,Federal,US,SP,Cosmópolis Artur Nogueira.,CERRADO,CERRADO,CR8 Rio de Janeiro/RJ
79,FLORESTA NACIONAL DE CAPÃO BONITO,1968,Flona,42367949,5688338,Portaria 558 de 25/10/1968,Federal,US,SP,Capão Bonito Buri.,CERRADO,CAATINGA e CERRADO,CR8 Rio de Janeiro/RJ
155,PARQUE NACIONAL DAS EMAS,1961,Parna,1327878603,1910269721,"DEC 49.874 de 11/01/1961, DEC 70.375 de 06/04/1972",Federal,PI,MS/GO,Mineiros Chapadão do Céu.,CERRADO,CERRADO,CR10 Cuiabá/MT
199,RESERVA BIOLÓGICA DE SANTA ISABEL,1988,Rebio,41098837,811434956,DEC  96.999 de 20/10/1988,Federal,PI,SE,Pirambu Pacatuba.,MARINHO COSTEIRO,MARINHO COSTEIRO,CR6 Cabedelo/PB
246,RESERVA EXTRATIVISTA MARINHA DA LAGOA DO JEQUIÁ,2001,Resex,101966935,115768008,DEC S/N de 27/09/2001,Federal,US,AL,Jequiá da Praia Coruripe.,MATA ATLÂNTICA,MATA ATLÂNTICA,CR6 Cabedelo/PB
37,ÁREA DE RELEVANTE INTERESSE ECOLÓGICO ILHAS DA QUEIMADA PEQUENA E QUEIMADA GRANDE,1985,Arie,651749,70935787,DEC  91.887 de 05/11/1985,Federal,US,SP,Peruíbe.,MARINHO COSTEIRO,MARINHO COSTEIRO,CR8 Rio de Janeiro/RJ
88,FLORESTA NACIONAL DE CARAJÁS,1998,Flona,3912630377,3977451065,DEC  2.486 de 02/02/1998,Federal,US,PA,Canaã dos Carajás Parauapebas Água Azul do Norte.,AMAZÔNIA,AMAZÔNIA,CR4 Belém/PA
142,PARQUE NACIONAL DA SERRA DA BOCAINA,1971,Parna,103870369,4905192938,"DEC 68.172 de 04/02/1971, DEC 70.694 de 08/06/1972",Federal,PI,RJ/SP,São José do Barreiro Areias Angra dos Reis Parati Cunha Ubatuba Bananal.,MATA ATLÂNTICA,MATA ATLÂNTICA,CR8 Rio de Janeiro/RJ
143,PARQUE NACIONAL DA SERRA DA BODOQUENA,2000,Parna,769735305,3010118572,DEC S/N de 21/09/2000,Federal,PI,MS,Jardim Bonito Porto Murtinho Bodoquena.,CERRADO,CERRADO,CR10 Cuiabá/MT
192,RESERVA BIOLÓGICA DA CONTAGEM,2002,Rebio,34117169,468167912,DEC S/N de 13/12/2002,Federal,PI,DF,Brasília.,CERRADO,CERRADO,CR11 Lagoa Santa/MG
276,RESERVA BIOLÓGICA DAS ARAUCÁRIAS,2006,Rebio,149304929,2741607481,DEC S/N de 23/03/2006,Federal,PI,PR,Ipiranga Teixeira Soares Imbituva.,MATA ATLÂNTICA,MATA ATLÂNTICA,CR9 Florianópolis/SC
212,RESERVA BIOLÓGICA DO TINGUÁ,1989,Rebio,248129023,1210062459,DEC  97.780 de 23/05/1989,Federal,PI,RJ,Petrópolis Nova Iguaçu Miguel Pereira Duque de Caxias.,MATA ATLÂNTICA,MATA ATLÂNTICA,CR8 Rio de Janeiro/RJ
252,RESERVA EXTRATIVISTA MARINHA DO CORUMBAU,2000,Resex,899967625,1817349955,DEC S/N de 21/09/2000,Federal,US,BA,Porto Seguro Prado.,MARINHO COSTEIRO,MARINHO COSTEIRO,CR7 Porto Seguro/BA
247,RESERVA EXTRATIVISTA MARINHA DE ARAÍ-PEROBA,2005,Resex,625781156,2319589646,"DEC S/N de 20/05/2005, DEC S/N de 10/10/2014",Federal,US,PA,Augusto Corrêa.,AMAZÔNIA,AMAZÔNIA e MARINHO COSTEIRO,CR4 Belém/PA
235,RESERVA EXTRATIVISTA DO MÉDIO JURUÁ,1997,Resex,2869548069,38864322,"DEC S/N de 04/03/1997 , DEC S/N de 13/10/2014",Federal,US,AM,Carauari.,AMAZÔNIA,AMAZÔNIA,CR2 Manaus/AM
3131,ESTAÇÃO ECOLÓGICA ALTO MAUÉS,2014,Esec,6656735273,6919130023,DEC S/N de 16/10/2014,Federal,PI,AM,Maués.,AMAZÔNIA,AMAZÔNIA,CR2 Manaus/AM
3132,RESERVA EXTRATIVISTA MARINHA MOCAPAJUBA,2014,Resex,210277967,1734456067,DEC S/N de 10/10/2014,Federal,US,PA,São Caetano de Odivelas.,AMAZÔNIA,AMAZÔNIA,CR4 Belém/PA
3133,RESERVA EXTRATIVISTA MARINHA MESTRE LUCINDO,2014,Resex,264648785,314548573,DEC S/N de 10/10/2014,Federal,US,PA,Marapanim.,AMAZÔNIA,AMAZÔNIA e MARINHO COSTEIRO,CR4 Belém/PA
3134,RESERVA EXTRATIVISTA MARINHA CUINARANA,2014,Resex,110364109,2147572773,DEC S/N de 10/10/2014,Federal,US,PA,Magalhães Barata.,AMAZÔNIA,AMAZÔNIA,CR4 Belém/PA
3135,RESERVA DE DESENVOLVIMENTO SUSTENTÁVEL  NASCENTES GERAIZEIRAS,2014,RDS,381772668,2104916828,DEC S/N de 13/10/2014,Federal,US,MG,Montezuma Rio Pardo de Minas Vargem Grande do Rio Pardo.,MATA ATLÂNTICA,MATA ATLÂNTICA e CERRADO,CR11 Lagoa Santa/MG
3136,PARQUE NACIONAL DA SERRA DO GANDARELA,2014,Parna,312708261,2059403892,DEC S/N de 13/10/2014,Federal,PI,MG,Nova Lima Raposos Caeté Santa Bárbara Mariana Ouro Preto Itabirito Rio Acima.,MATA ATLÂNTICA,MATA ATLÂNTICA,CR11 Lagoa Santa/MG
3137,PARQUE NACIONAL GUARICANA,2014,Parna,492868745,172201388,DEC S/N de 13/10/2014,Federal,PI,PR,Guaratuba Morretes São José dos Pinhais.,MATA ATLÂNTICA,MATA ATLÂNTICA,CR9 Florianópolis/SC
12,ÁREA DE PROTEÇÃO AMBIENTAL SERRA DA TABATINGA,1990,APA,417796078,1194965192,"DEC  99.278 de 06/06/1990, DEC S/N de 16/07/2002",Federal,US,MA/PI,Mateiros Alto Parnaíba Formoso do Rio Preto Barreiras do Piauí.,CERRADO,CERRADO,CR5 Parnaíba/PI
156,PARQUE NACIONAL DAS NASCENTES DO RIO PARNAÍBA,2002,Parna,7497741752,8787730228,"DEC S/N de 16/07/2002, LEI 13.090 de 12/01/2015",Federal,PI,MA/PI/BA,São Félix do Tocantins Alto Parnaíba Barreiras do Piauí Barreiras do Piauí São Gonçalo do Gurguéia Corrente Formosa do Rio Preto Gibués Lizarda Mateiros.,CERRADO,CERRADO,CR5 Parnaíba/PI
63,ESTAÇÃO ECOLÓGICA DE TAMOIOS,1990,Esec,86603533,1400568215,DEC   98.864 de 23/01/1990.,Federal,PI,RJ,Angra dos Reis Parati.,MATA ATLÂNTICA,MATA ATLÂNTICA,CR8 Rio de Janeiro/RJ
106,FLORESTA NACIONAL DE RORAIMA,1989,Flona,1696287017,2970465403,"DEC  97.545 de 01/03/1989, LEI 12.058 de 13/12/2009.",Federal,US,AM/RR,Amajari Alto Alegre Mucajaí Iracema Caracaraí Barcelos.,AMAZÔNIA,AMAZÔNIA,CR2 Manaus/AM
232,RESERVA EXTRATIVISTA DO CAZUMBÁ-IRACEMA,2002,Resex,7549870984,6052369973,DEC S/N de 19/10/2002,Federal,US,AC,Manoel Urbano Sena Madureira.,AMAZÔNIA,AMAZÔNIA,CR1 Porto Velho/RO
193,RESERVA BIOLÓGICA DA MATA ESCURA,2003,Rebio,50892388,1893203746,DEC S/N de 05/06/2003,Federal,PI,MG,Almenara Jequitinhonha.,MATA ATLÂNTICA,MATA ATLÂNTICA,CR11 Lagoa Santa/MG
253,RESERVA EXTRATIVISTA DE CANAVIEIRAS,2006,Resex,1006884078,221281758,DEC S/N de  05/06/2006,Federal,US,BA,Una Canavieiras Belmonte.,MATA ATLÂNTICA,MATA ATLÂNTICA,CR7 Porto Seguro/BA
161,PARQUE NACIONAL DE ILHA GRANDE,1997,Parna,761381861,8914639451,DEC S/N de 30/09/1997,Federal,PI,MS/PR,Mundo Novo Eldorado Naviraí Itaquiraí Altônia São Jorge do Patrocínio Alto Paraíso Guaíra Icaraíma.,MATA ATLÂNTICA,MATA ATLÂNTICA,CR9 Florianópolis/SC
77,FLORESTA NACIONAL DE ASSUNGUI,1968,Flona,4908116,112591746,Portaria 559 de 25/10/1968,Federal,US,PR,Campo Largo.,MATA ATLÂNTICA,MATA ATLÂNTICA,CR9 Florianópolis/SC
15,ÁREA DE PROTEÇÃO AMBIENTAL DE FERNANDO DE NORONHA - ROCAS - SÃO PEDRO E SÃO PAULO,1986,APA,9004043,250527956,DEC 92.755 de 05/06/1986,Federal,US,PE,Fernando de Noronha.,MARINHO COSTEIRO,MARINHO COSTEIRO,CR6 Cabedelo/PB
82,FLORESTA NACIONAL DE AÇU,2001,Flona,2250246,69251656,Portaria 245 de 18/07/2001,Federal,US,RN,Açu.,CAATINGA,CAATINGA,CR6 Cabedelo/PB
20,ÁREA DE PROTEÇÃO AMBIENTAL CARSTE DE LAGOA SANTA,1996,APA,377355773,1375674013,"DEC 98.881 de 25/01/1990, DEC 1.876 de 25/04/1996",Federal,US,MG,Funilândia Jaboticatubas Prudente de Morais Pedro Leopoldo Confins Vespasiano Matozinhos Baldin Lagoa Santa São José da Lapa.,CERRADO,CERRADO,CR11 Lagoa Santa/MG
150,PARQUE NACIONAL DA SERRA DO ITAJAÍ,2004,Parna,569181092,2376137174,"DEC S/N de 04/06/2004, DEC S/N de 20/02/2006",Federal,PI,SC,Blumenau Indaial Gaspar Guabiruba Botuverá Vidal Ramos Presidente Nereu Apiúna Brusque.,MATA ATLÂNTICA,MATA ATLÂNTICA,CR9 Florianópolis/SC
139,PARQUE NACIONAL DA CHAPADA DOS VEADEIROS,1961,Parna,647268629,1636386344,"DEC 49.875 de 11/01/1961, DEC 70.492 de 11/05/1972, DEC Nº 86.173 DE 2 DE JULHO DE 1981, DEC 86.596 de 17/11/1981, DEC S/N de 27/09/2001.",Federal,PI,GO,Cavalcante Alto Paraíso de Goiás.,CERRADO,CERRADO,CR11 Lagoa Santa/MG
147,PARQUE NACIONAL SERRA DE ITABAIANA,2005,Parna,80247942,890140121,DEC S/N de 15/06/2005,Federal,PI,SE,Itabaiana Areia Branca Laranjeiras Itaporanga d'Ajuda Campo do Brito Malhador.,MATA ATLÂNTICA,MATA ATLÂNTICA,CR6 Cabedelo/PB
144,PARQUE NACIONAL DA SERRA DA CANASTRA,1972,Parna,1979719612,8110482953,DEC 70.355 de 03/04/1972,Federal,PI,MG,Sacramento São Roque de Minas Vargem Bonita Capitólio São João Batista do Glória São João Batis.,CERRADO,CERRADO,CR11 Lagoa Santa/MG
55,ESTAÇÃO ECOLÓGICA DE IQUÊ,1981,Esec,2225546397,249050436,"DEC 86.061 de 02/06/1981, DEC S/N de 02/10/1996",Federal,PI,MT,Juína Comodoro.,CERRADO,AMAZÔNIA Port 96 MMA,CR10 Cuiabá/MT
54,ESTAÇÃO ECOLÓGICA DE GUARAQUEÇABA,1982,Esec,43701458,2442316306,"DEC 87.222 de 31/05/1982, DEC  93.053 de 31/07/1986, LEI 9.513 de 20/11/1997",Federal,PI,PR,Guaraqueçaba.,MATA ATLÂNTICA,MATA ATLÂNTICA,CR9 Florianópolis/SC
49,PARQUE NACIONAL DE ANAVILHANAS,1981,Parna,3502433123,4456823246,"DEC 86.061 de 02/06/1981,LEI 11.799 de 29/10/2008",Federal,PI,AM,Novo Airão Manaus.,AMAZÔNIA,AMAZÔNIA,CR2 Manaus/AM
165,PARQUE NACIONAL DE SÃO JOAQUIM,1961,Parna,496723757,1735250785,"DEC 50.922 de 06/07/1961, LEI 13273 de15/04/2016",Federal,PI,SC,Urubici Grão Pará Orleans Lauro Muller Bom Jardim da Serra.,MATA ATLÂNTICA,MATA ATLÂNTICA,CR9 Florianópolis/SC
256,RESERVA EXTRATIVISTA DO RIO OURO PRETO,1990,Resex,2046328123,4256838776,DEC 99.166 de 13/03/1990,Federal,US,RO,Guajará-Mirim Nova Mamoré.,AMAZÔNIA,AMAZÔNIA,CR1 Porto Velho/RO
287,RESERVA EXTRATIVISTA LAGO DO CEDRO,2006,Resex,171780506,753629377,DEC S/Nde 11/09/2006,Federal,US,GO,Aruanã Cocalinho.,CERRADO,CERRADO,CR10 Cuiabá/MT
1612,FLORESTA NACIONAL DO IQUIRI,2008,Flona,1473000,12706280596,DEC S/N de 08/05/2008,Federal,US,AM,Lábrea.,AMAZÔNIA,AMAZÔNIA,CR1 Porto Velho/RO
85,FLORESTA NACIONAL DE BALATA-TUFARI,2002,Flona,1080000,1180559419,DEC S/N de 17/02/2005,Federal,US,AM,Canutama Tapauá.,AMAZÔNIA,AMAZÔNIA,CR1 Porto Velho/RO
3411,RESERVA BIOLÓGICA DO MANICORÉ,2016,Rebio,3591375455,3640575759,DEC S/N de 11/05/2016,Federal,PI,AM,Manicoré Novo Aripuanã.,AMAZÔNIA,AMAZÔNIA,CR2 Manaus/AM
3410,PARQUE NACIONAL DO ACARI,2016,Parna,8964109545,4903214165,DEC S/N de 11/05/2016,Federal,PI,AM,Apuí Borba Novo Aripuanã.,AMAZÔNIA,AMAZÔNIA,CR2 Manaus/AM
3408,FLORESTA NACIONAL DE URUPADI,2016,Flona,5380810911,6291403721,DEC S/N de 11/05/2016,Federal,US,AM,Maués.,AMAZÔNIA,AMAZÔNIA,CR2 Manaus/AM
3409,FLORESTA NACIONAL DO ARIPUANÃ,2016,Flona,751302174,6848943987,DEC S/N de 11/05/2016,Federal,US,AM,Apuí Manicoré Novo Aripuanã.,AMAZÔNIA,AMAZÔNIA,CR2 Manaus/AM
3407,ÁREA DE PROTEÇÃO AMBIENTAL DOS CAMPOS DE MANICORÉ,2016,APA,1524102031,239828732,DEC S/N de 11/05/2016,Federal,US,AM,Manicoré.,AMAZÔNIA,AMAZÔNIA,CR2 Manaus/AM
271,FLORESTA NACIONAL DO AMANA,2006,Flona,6825610156,474995347,"DEC S/N de 13/02/2006, DEC S/N de 11/05/2016",Federal,US,PA/AM,Jacareacanga Itaituba Maués.,AMAZÔNIA,AMAZÔNIA,CR3 Santarém/PA
167,PARQUE NACIONAL DE UBAJARA,1959,Parna,62695131,624097393,"DEC 45.954 de 30/04/1959, DEC 72.144 de 26/04/1973, DEC S/N de 13/12/2002",Federal,PI,CE,Ubajara Frecheirinha Tianguá.,CAATINGA,CAATINGA,CR5 Parnaíba/PI
3432,REFÚGIO DE VIDA SILVESTRE DO ARQUIPÉLAGO DE ALCATRAZES,2016,Revis,674792905,153039338,DEC S/N de 02/08/2016,Federal,PI,SP,São Sebastião.,MARINHO COSTEIRO,MARINHO COSTEIRO,CR8 Rio de Janeiro/RJ
182,PARQUE NACIONAL E HISTÓRICO DO MONTE PASCOAL,1961,Parna,222406673,94062251,"DEC  242 de 29/11/1961, DEC 3.421 de 20/04/2000",Federal,PI,BA,Porto Seguro.,MATA ATLÂNTICA,MATA ATLÂNTICA,CR7 Porto Seguro/BA
118,FLORESTA NACIONAL DO JAMARI,1984,Flona,2221565765,2292172492,DEC  90.224 de 25/09/1984,Federal,US,RO,Candeias do Jamari Itapuã do Oeste Cujubim.,AMAZÔNIA,AMAZÔNIA,CR1 Porto Velho/RO
261,ESTAÇÃO ECOLÓGICA DA MATA PRETA,2005,Esec,65734802,1018547092,DEC S/N de 19/10/2005,Federal,PI,PR/SC,Abelardo Luz Clevelândia Palmas.,MATA ATLÂNTICA,MATA ATLÂNTICA,CR9 Florianópolis/SC
264,PARQUE NACIONAL DO RIO NOVO,2006,Parna,9767804087,11513403587,"DEC S/N de 13/02/2006, MP 756 de 19/12/2016",Federal,PI,PA,Novo Progresso Itaituba Jacarecanga.,AMAZÔNIA,AMAZÔNIA,CR3 Santarém/PA
266,FLORESTA NACIONAL DO JAMANXIM,2006,Flona,5570582,767437969,"DEC S/N de 13/02/2006, MP 756 de 19/12/2016",Federal,US,PA,Novo Progresso.,AMAZÔNIA,AMAZÔNIA,CR3 Santarém/PA
3473,ÁREA DE PROTEÇÃO AMBIENTAL DO JAMANXIM,2016,APA,5335744862,9698111426,MP 756 de 19/12/2016,Federal,US,PA,Novo Progresso.,AMAZÔNIA,AMAZÔNIA,CR3 Santarém/PA
58,ESTAÇÃO ECOLÓGICA DE MARACÁ-JIPIOCA,1981,Esec,587569503,1150357521,DEC 86.061 de 02/06/1981,Federal,PI,AP,Amapá.,AMAZÔNIA,AMAZÔNIA,CR4 Belém/PA
267,PARQUE NACIONAL DO JAMANXIM,2006,Parna,913107969,8448592858,"DEC S/N de 13/02/2006, MP 758 de 19/12/2016",Federal,PI,PA,Trairão Itaituba.,AMAZÔNIA,AMAZÔNIA,CR3 Santarém/PA
1633,PARQUE NACIONAL MAPINGUARI,2008,Parna,1777000,19409628385,"DEC S/N  de 05/06/2008, LEI 12.249 de 11/06/2010, LEI 12.678 de 25/06/2012",Federal,PI,AM/RO,Lábrea Canutama e Porto Velho.,AMAZÔNIA,AMAZÔNIA,CR1 Porto Velho/RO
268,ÁREA DE PROTEÇÃO AMBIENTAL DO TAPAJÓS,2006,APA,2040000,30878395474,"DEC S/N de 13/02/2006, LEI 12.678 de 25/06/2012",Federal,US,PA,Itaituba Jacareacanga Trairão Novo Progresso.,AMAZÔNIA,AMAZÔNIA,CR3 Santarém/PA
96,FLORESTA NACIONAL DE ITAITUBA II,1998,Flona,3977555503,24713792451,"DEC  2.482 de 02/02/1998, LEI 12.678 de 25/06/2012",Federal,US,PA,Itaituba Trairão.,AMAZÔNIA,AMAZÔNIA,CR3 Santarém/PA
